timestamp,users
2024-11-22 01:17:51,21284400
2024-11-22 01:30:58,21287962
2024-11-22 02:44:56,21306599
2024-11-22 02:48:54,21307541
2024-11-22 02:54:52,21309019
2024-11-22 03:03:51,21311221
2024-11-22 03:29:55,21317283
2024-11-22 04:20:51,21329523
2024-11-22 05:16:53,21341988
2024-11-22 06:24:59,21356250
2024-11-22 07:16:51,21367217
2024-11-22 08:21:55,21379689
2024-11-22 09:18:02,21389926
2024-11-22 10:18:53,21401515
2024-11-22 11:13:50,21412767
2024-11-22 12:35:00,21433126
2024-11-22 13:24:55,21447416
2024-11-22 14:15:51,21462353
2024-11-22 15:17:51,21482028
2024-11-22 16:21:51,21502731
2024-11-22 17:15:52,21520651
2024-11-22 18:24:54,21544868
2024-11-22 19:13:51,21561298
2024-11-22 20:18:55,21582560
2024-11-22 21:15:50,21601877
2024-11-22 22:15:55,21620894
2024-11-22 23:16:53,21639135
2024-11-23 01:18:27,21670411
2024-11-23 02:51:31,21690589
2024-11-23 03:26:26,21697484
2024-11-23 04:20:26,21707697
2024-11-23 05:15:28,21717417
2024-11-23 06:22:31,21727431
2024-11-23 07:15:25,21735632
2024-11-23 08:20:27,21746751
2024-11-23 09:16:27,21756235
2024-11-23 10:15:28,21766126
2024-11-23 11:12:28,21776038
2024-11-23 12:31:26,21791106
2024-11-23 13:21:26,21804221
2024-11-23 14:15:26,21821806
2024-11-23 15:15:26,21838954
2024-11-23 16:19:32,21858352
2024-11-23 17:13:32,21874154
2024-11-23 18:21:31,21893770
2024-11-23 19:12:25,21908154
2024-11-23 20:17:26,21927008
2024-11-23 21:16:25,21944891
2024-11-23 22:14:28,21961706
2024-11-23 23:17:29,21978704
2024-11-24 01:26:27,22008832
2024-11-24 02:59:26,22030240
2024-11-24 03:35:26,22037941
2024-11-24 04:20:26,22047029
2024-11-24 05:15:27,22057550
2024-11-24 06:23:26,22068977
2024-11-24 07:16:26,22077166
2024-11-24 08:20:26,22087948
2024-11-24 09:15:29,22097877
2024-11-24 10:17:26,22108747
2024-11-24 11:13:30,22118254
2024-11-24 12:32:30,22132790
2024-11-24 13:21:25,22143403
2024-11-24 14:13:27,22156565
2024-11-24 15:15:28,22173018
2024-11-24 16:18:27,22190262
2024-11-24 17:13:26,22206310
2024-11-24 18:21:31,22226054
2024-11-24 19:13:25,22240209
2024-11-24 20:17:34,22258130
2024-11-24 21:14:29,22272820
2024-11-24 22:14:33,22287142
2024-11-24 23:16:26,22300880
2024-11-25 01:23:25,22325345
2024-11-25 02:57:26,22343484
2024-11-25 03:34:27,22349529
2024-11-25 04:21:27,22356746
2024-11-25 05:17:25,22364728
2024-11-25 06:26:27,22373789
2024-11-25 07:18:25,22380357
2024-11-25 08:23:32,22388430
2024-11-25 09:19:27,22395542
2024-11-25 10:19:25,22403280
2024-11-25 11:14:31,22410870
2024-11-25 12:35:26,22424163
2024-11-25 13:26:30,22433828
2024-11-25 14:16:26,22443999
2024-11-25 15:18:27,22457194
2024-11-25 16:21:26,22471074
2024-11-25 17:15:27,22483159
2024-11-25 18:24:27,22498551
2024-11-25 19:13:26,22509388
2024-11-25 20:19:26,22524884
2024-11-25 21:16:29,22536979
2024-11-25 22:15:26,22549782
2024-11-25 23:17:25,22562448
2024-11-26 01:22:25,22583899
2024-11-26 02:56:25,22597786
2024-11-26 03:32:26,22602779
2024-11-26 04:21:35,22609094
2024-11-26 05:16:28,22615456
2024-11-26 06:25:27,22622967
2024-11-26 07:18:28,22628942
2024-11-26 08:23:25,22635827
2024-11-26 09:18:26,22641577
2024-11-26 10:18:26,22648015
2024-11-26 11:14:25,22654554
2024-11-26 12:35:31,22664907
2024-11-26 13:26:25,22672443
2024-11-26 14:16:26,22680539
2024-11-26 15:19:25,22691699
2024-11-26 16:23:38,22705332
2024-11-26 17:15:27,22715110
2024-11-26 18:25:25,22728054
2024-11-26 19:13:26,22736981
2024-11-26 20:18:29,22748783
2024-11-26 21:15:31,22759041
2024-11-26 22:16:25,22770115
2024-11-26 23:16:32,22780422
2024-11-27 01:23:28,22798542
2024-11-27 02:59:25,22814495
2024-11-27 03:35:28,22820318
2024-11-27 04:21:28,22828636
2024-11-27 05:17:26,22838319
2024-11-27 06:25:26,22849502
2024-11-27 07:18:40,22858052
2024-11-27 08:23:26,22867149
2024-11-27 09:19:25,22875064
2024-11-27 10:19:26,22883472
2024-11-27 11:15:25,22891990
2024-11-27 12:31:25,22904581
2024-11-27 13:27:30,22915938
2024-11-27 14:16:27,22928433
2024-11-27 16:22:27,22960278
2024-11-27 17:15:28,22972366
2024-11-27 18:24:25,22987896
2024-11-27 19:13:25,22998537
2024-11-27 20:19:28,23012435
2024-11-27 21:16:25,23026838
2024-11-27 22:16:25,23039608
2024-11-27 23:16:26,23051606
2024-11-28 01:23:25,23073785
2024-11-28 02:58:25,23088045
2024-11-28 03:35:25,23093644
2024-11-28 04:20:26,23101064
2024-11-28 05:17:25,23109771
2024-11-28 06:25:31,23119298
2024-11-28 07:18:27,23126124
2024-11-28 08:23:28,23133976
2024-11-28 09:19:30,23140403
2024-11-28 10:19:25,23147391
2024-11-28 11:14:26,23153803
2024-11-28 12:36:25,23164221
2024-11-28 13:26:26,23171691
2024-11-28 14:16:26,23179865
2024-11-28 15:18:28,23190465
2024-11-28 16:21:30,23201481
2024-11-28 17:15:25,23211155
2024-11-28 18:23:25,23222813
2024-11-28 19:13:29,23231139
2024-11-28 20:18:26,23242332
2024-11-28 21:15:25,23251738
2024-11-28 22:16:30,23261566
2024-11-28 23:16:25,23270417
2024-11-29 01:23:25,23287304
2024-11-29 02:58:26,23299150
2024-11-29 03:35:26,23303772
2024-11-29 04:21:30,23308991
2024-11-29 05:17:25,23315281
2024-11-29 06:25:28,23323264
2024-11-29 07:18:31,23329137
2024-11-29 08:23:28,23335879
2024-11-29 09:18:28,23341271
2024-11-29 10:18:25,23346849
2024-11-29 11:14:31,23352182
2024-11-29 12:35:25,23360090
2024-11-29 13:26:25,23366068
2024-11-29 14:16:26,23372442
2024-11-29 15:18:25,23381131
2024-11-29 16:21:27,23390272
2024-11-29 17:15:28,23398097
2024-11-29 18:23:26,23407451
2024-11-29 19:14:27,23414448
2024-11-29 20:18:25,23423030
2024-11-29 21:15:26,23430798
2024-11-29 22:16:29,23439196
2024-11-29 23:16:25,23447365
2024-11-30 01:21:31,23463609
2024-11-30 02:53:29,23474222
2024-11-30 03:26:29,23477751
2024-11-30 04:20:29,23483541
2024-11-30 05:15:31,23489306
2024-11-30 06:23:31,23495592
2024-11-30 07:15:29,23500550
2024-11-30 08:20:30,23506821
2024-11-30 09:16:30,23512034
2024-11-30 10:16:29,23517215
2024-11-30 11:13:29,23522083
2024-11-30 12:32:33,23529226
2024-11-30 13:21:37,23534573
2024-11-30 14:13:35,23541538
2024-11-30 15:16:29,23552915
2024-11-30 16:19:30,23561894
2024-11-30 17:13:28,23569626
2024-11-30 18:21:31,23579005
2024-11-30 19:11:30,23585843
2024-11-30 20:17:30,23594706
2024-11-30 21:15:29,23602203
2024-11-30 22:15:33,23609779
2024-11-30 23:16:32,23616959
2024-12-01 01:43:30,23632704
2024-12-01 03:14:30,23641812
2024-12-01 04:22:34,23648076
2024-12-01 05:16:29,23652833
2024-12-01 06:24:29,23658284
2024-12-01 07:16:31,23662340
2024-12-01 08:20:28,23667370
2024-12-01 09:16:28,23672109
2024-12-01 10:17:34,23677147
2024-12-01 11:13:31,23681792
2024-12-01 12:33:30,23688660
2024-12-01 13:23:32,23693720
2024-12-01 14:14:30,23699527
2024-12-01 15:16:29,23707099
2024-12-01 16:19:32,23715188
2024-12-01 17:13:28,23722578
2024-12-01 18:22:31,23732013
2024-12-01 19:12:31,23738785
2024-12-01 20:17:37,23747184
2024-12-01 21:14:34,23754507
2024-12-01 22:15:29,23762319
2024-12-01 23:16:34,23769810
2024-12-02 01:25:30,23784728
2024-12-02 03:02:29,23795808
2024-12-02 04:21:29,23804019
2024-12-02 05:17:29,23809107
2024-12-02 06:26:29,23814892
2024-12-02 07:19:31,23818966
2024-12-02 08:24:30,23824353
2024-12-02 09:20:29,23828396
2024-12-02 10:19:31,23832765
2024-12-02 11:14:30,23837532
2024-12-02 12:37:34,23844682
2024-12-02 13:27:32,23849928
2024-12-02 14:17:29,23855657
2024-12-02 15:18:35,23863496
2024-12-02 16:22:31,23871662
2024-12-02 17:15:29,23878539
2024-12-02 18:24:34,23887955
2024-12-02 19:14:32,23895003
2024-12-02 20:18:34,23903619
2024-12-02 21:16:33,23911217
2024-12-02 22:16:29,23918764
2024-12-02 23:18:33,23925872
2024-12-03 01:24:29,23938940
2024-12-03 03:02:30,23948707
2024-12-03 04:22:29,23956063
2024-12-03 05:17:29,23960824
2024-12-03 06:26:29,23966345
2024-12-03 07:18:29,23970377
2024-12-03 08:23:38,23975395
2024-12-03 09:19:30,23979594
2024-12-03 10:19:33,23983956
2024-12-03 11:14:29,23988411
2024-12-03 12:35:30,23995550
2024-12-03 13:27:31,24000980
2024-12-03 14:14:30,24006536
2024-12-03 15:19:33,24015278
2024-12-03 16:22:30,24022969
2024-12-03 17:16:29,24029771
2024-12-03 18:23:31,24038153
2024-12-03 19:14:30,24044975
2024-12-03 20:19:33,24053992
2024-12-03 21:16:31,24061438
2024-12-03 22:16:29,24068524
2024-12-03 23:16:31,24075278
2024-12-04 01:24:30,24088100
2024-12-04 03:01:33,24098428
2024-12-04 04:21:32,24105833
2024-12-04 05:17:29,24110257
2024-12-04 06:26:29,24115933
2024-12-04 07:18:35,24119999
2024-12-04 08:24:29,24124579
2024-12-04 09:19:29,24128242
2024-12-04 10:19:29,24132422
2024-12-04 11:14:39,24136705
2024-12-04 12:36:31,24144418
2024-12-04 13:27:33,24150532
2024-12-04 14:16:30,24156396
2024-12-04 15:19:29,24163758
2024-12-04 16:23:36,24171295
2024-12-04 17:15:37,24177335
2024-12-04 18:25:29,24184889
2024-12-04 19:16:36,24190002
2024-12-04 20:19:29,24196365
2024-12-04 21:16:32,24202343
2024-12-04 22:16:35,24208489
2024-12-04 23:16:30,24214443
2024-12-05 01:24:29,24227166
2024-12-05 03:01:29,24235619
2024-12-05 04:21:33,24241772
2024-12-05 05:17:28,24245618
2024-12-05 06:26:30,24249831
2024-12-05 07:18:32,24252849
2024-12-05 08:23:34,24256548
2024-12-05 09:18:35,24259665
2024-12-05 10:19:31,24263094
2024-12-05 11:14:29,24266560
2024-12-05 12:36:29,24272030
2024-12-05 13:27:30,24276120
2024-12-05 14:16:40,24280580
2024-12-05 15:19:37,24286595
2024-12-05 16:23:29,24292761
2024-12-05 17:15:33,24297869
2024-12-05 18:23:37,24304531
2024-12-05 19:13:36,24309318
2024-12-05 20:19:37,24315484
2024-12-05 21:16:29,24320865
2024-12-05 22:16:38,24326194
2024-12-05 23:17:31,24331266
2024-12-06 01:23:33,24340740
2024-12-06 03:00:30,24347609
2024-12-06 04:21:28,24353062
2024-12-06 05:17:29,24356533
2024-12-06 06:25:30,24360369
2024-12-06 07:18:29,24363278
2024-12-06 08:23:30,24366559
2024-12-06 09:18:33,24369318
2024-12-06 10:18:35,24372352
2024-12-06 11:13:29,24375486
2024-12-06 12:35:29,24380198
2024-12-06 13:26:28,24383525
2024-12-06 14:16:29,24387237
2024-12-06 15:18:30,24392118
2024-12-06 16:22:29,24398526
2024-12-06 17:15:31,24403427
2024-12-06 18:25:30,24410206
2024-12-06 19:14:32,24414990
2024-12-06 20:19:30,24421033
2024-12-06 21:16:31,24426525
2024-12-06 22:16:33,24432252
2024-12-06 23:16:34,24437820
2024-12-07 01:23:30,24448545
2024-12-07 02:58:30,24455730
2024-12-07 03:35:31,24458406
2024-12-07 04:20:29,24461909
2024-12-07 05:15:31,24465975
2024-12-07 06:23:29,24470289
2024-12-07 07:16:30,24473472
2024-12-07 08:21:31,24477424
2024-12-07 09:16:28,24480599
2024-12-07 10:18:31,24484016
2024-12-07 11:12:28,24487173
2024-12-07 12:32:29,24492050
2024-12-07 13:22:39,24495634
2024-12-07 14:14:34,24499864
2024-12-07 15:16:29,24505291
2024-12-07 16:19:30,24510817
2024-12-07 17:13:29,24515559
2024-12-07 18:22:32,24521539
2024-12-07 19:12:31,24525715
2024-12-07 20:17:30,24530971
2024-12-07 21:14:29,24535554
2024-12-07 22:15:32,24540276
2024-12-07 23:16:29,24544944
2024-12-08 01:38:30,24554545
2024-12-08 03:06:29,24560126
2024-12-08 04:20:30,24564626
2024-12-08 05:16:29,24567766
2024-12-08 06:24:29,24571215
2024-12-08 07:16:33,24573990
2024-12-08 08:21:29,24577300
2024-12-08 09:16:29,24580121
2024-12-08 10:16:30,24583068
2024-12-08 11:12:29,24586280
2024-12-08 12:33:30,24590658
2024-12-08 13:22:31,24593985
2024-12-08 14:14:35,24597834
2024-12-08 15:17:32,24602741
2024-12-08 16:19:32,24608090
2024-12-08 17:13:36,24612802
2024-12-08 18:22:36,24618428
2024-12-08 19:12:28,24622250
2024-12-08 20:17:39,24627260
2024-12-08 21:14:30,24631733
2024-12-08 22:15:29,24636662
2024-12-08 23:15:33,24641271
2024-12-09 01:26:31,24649913
2024-12-09 03:04:29,24657401
2024-12-09 04:21:30,24662490
2024-12-09 05:17:29,24665571
2024-12-09 06:26:29,24669233
2024-12-09 07:19:32,24671856
2024-12-09 08:24:30,24674982
2024-12-09 09:20:34,24677708
2024-12-09 10:19:32,24680685
2024-12-09 11:15:29,24684055
2024-12-09 12:37:28,24688784
2024-12-09 13:27:31,24692320
2024-12-09 14:17:29,24696374
2024-12-09 15:19:30,24701650
2024-12-09 16:19:30,24706713
2024-12-09 17:15:31,24711420
2024-12-09 18:26:04,24717411
2024-12-09 19:14:34,24721529
2024-12-09 20:19:33,24726620
2024-12-09 21:16:32,24731134
2024-12-09 22:17:30,24735745
2024-12-09 23:17:29,24740143
2024-12-10 01:25:31,24748612
2024-12-10 03:02:46,24754732
2024-12-10 04:21:29,24760029
2024-12-10 05:17:30,24762970
2024-12-10 06:26:31,24766252
2024-12-10 07:18:30,24768675
2024-12-10 08:24:30,24771557
2024-12-10 09:19:30,24773801
2024-12-10 10:19:31,24776277
2024-12-10 11:14:28,24779117
2024-12-10 12:36:33,24783288
2024-12-10 13:28:32,24786357
2024-12-10 14:17:33,24789421
2024-12-10 15:19:30,24793749
2024-12-10 16:23:32,24798168
2024-12-10 17:15:33,24801956
2024-12-10 18:25:29,24806640
2024-12-10 19:14:30,24810019
2024-12-10 20:19:33,24814437
2024-12-10 21:16:28,24818458
2024-12-10 22:16:31,24822630
2024-12-10 23:16:30,24826624
2024-12-11 01:25:30,24833987
2024-12-11 03:00:33,24839506
2024-12-11 04:21:31,24843802
2024-12-11 05:17:32,24846411
2024-12-11 06:25:32,24849607
2024-12-11 07:18:29,24852055
2024-12-11 08:24:32,24855172
2024-12-11 09:18:30,24857580
2024-12-11 10:18:29,24860218
2024-12-11 11:14:37,24863171
2024-12-11 12:36:30,24867639
2024-12-11 13:27:32,24870737
2024-12-11 14:16:35,24873814
2024-12-11 15:19:29,24877817
2024-12-11 16:23:29,24882065
2024-12-11 17:15:29,24885571
2024-12-11 18:25:33,24890416
2024-12-11 19:14:31,24894216
2024-12-11 20:19:30,24899017
2024-12-11 21:16:29,24903312
2024-12-11 22:16:42,24907396
2024-12-11 23:16:41,24911215
2024-12-12 01:24:28,24918716
2024-12-12 03:00:35,24924084
2024-12-12 04:21:29,24928299
2024-12-12 05:17:29,24930890
2024-12-12 06:26:33,24933666
2024-12-12 07:17:30,24935692
2024-12-12 08:23:31,24938243
2024-12-12 09:19:29,24940369
2024-12-12 10:18:30,24942640
2024-12-12 11:14:30,24945310
2024-12-12 12:36:34,24949177
2024-12-12 13:27:32,24952005
2024-12-12 14:16:35,24954958
2024-12-12 15:19:29,24959008
2024-12-12 16:22:31,24962994
2024-12-12 17:15:32,24966370
2024-12-12 18:25:30,24970745
2024-12-12 19:14:29,24973980
2024-12-12 20:19:29,24978123
2024-12-12 21:16:41,24981830
2024-12-12 22:16:29,24985545
2024-12-12 23:16:30,24988923
2024-12-13 01:25:30,24995743
2024-12-13 03:02:31,25000597
2024-12-13 04:21:32,25004404
2024-12-13 05:17:30,25006931
2024-12-13 06:26:32,25009897
2024-12-13 07:17:35,25011950
2024-12-13 08:23:32,25014542
2024-12-13 09:19:29,25016636
2024-12-13 10:18:34,25018902
2024-12-13 11:14:36,25021399
2024-12-13 12:36:32,25024880
2024-12-13 13:26:29,25027636
2024-12-13 14:16:29,25030434
2024-12-13 15:18:29,25034210
2024-12-13 16:21:32,25038051
2024-12-13 17:15:29,25041413
2024-12-13 18:24:31,25045617
2024-12-13 19:13:31,25048730
2024-12-13 20:19:30,25052498
2024-12-13 21:16:30,25055727
2024-12-13 22:16:28,25059086
2024-12-13 23:16:29,25062379
2024-12-14 01:22:32,25069450
2024-12-14 02:56:30,25074210
2024-12-14 03:31:34,25075910
2024-12-14 04:20:31,25078015
2024-12-14 05:15:30,25080220
2024-12-14 06:23:34,25082902
2024-12-14 07:15:33,25084902
2024-12-14 08:20:32,25087357
2024-12-14 09:16:33,25089431
2024-12-14 10:16:32,25091607
2024-12-14 11:12:43,25093932
2024-12-14 12:33:29,25097232
2024-12-14 13:21:29,25099606
2024-12-14 14:14:32,25102658
2024-12-14 15:16:40,25106389
2024-12-14 16:19:29,25110288
2024-12-14 17:13:29,25113660
2024-12-14 18:22:29,25117872
2024-12-14 19:12:40,25120809
2024-12-14 20:17:29,25124514
2024-12-14 21:14:28,25127998
2024-12-14 22:15:28,25131817
2024-12-14 23:15:29,25135789
2024-12-15 01:38:28,25143169
2024-12-15 03:06:34,25147161
2024-12-15 04:20:29,25150390
2024-12-15 05:16:29,25152705
2024-12-15 06:24:30,25155325
2024-12-15 07:15:31,25157311
2024-12-15 08:20:29,25159761
2024-12-15 09:16:33,25161761
2024-12-15 10:17:29,25163990
2024-12-15 11:12:31,25166262
2024-12-15 12:33:30,25169515
2024-12-15 13:22:29,25172168
2024-12-15 14:14:32,25175225
2024-12-15 15:16:29,25179022
2024-12-15 16:19:29,25182651
2024-12-15 17:13:29,25185895
2024-12-15 18:25:29,25190412
2024-12-15 19:12:30,25193477
2024-12-15 20:18:33,25197797
2024-12-15 21:15:32,25200996
2024-12-15 22:15:28,25204459
2024-12-15 23:16:30,25207659
2024-12-16 01:35:29,25214418
2024-12-16 03:04:29,25218523
2024-12-16 04:21:29,25221683
2024-12-16 05:18:29,25224060
2024-12-16 06:26:29,25226780
2024-12-16 07:18:32,25228769
2024-12-16 08:24:30,25231229
2024-12-16 09:19:29,25233375
2024-12-16 10:19:30,25235643
2024-12-16 11:15:30,25238298
2024-12-16 12:37:29,25241810
2024-12-16 13:27:29,25244415
2024-12-16 14:16:31,25247260
2024-12-16 15:19:29,25251010
2024-12-16 16:23:29,25254685
2024-12-16 17:14:30,25257765
2024-12-16 18:25:29,25261816
2024-12-16 19:14:31,25264822
2024-12-16 20:19:29,25268986
2024-12-16 21:16:28,25272330
2024-12-16 22:15:31,25275810
2024-12-16 23:16:31,25279108
2024-12-17 01:24:36,25285543
2024-12-17 02:59:33,25290135
2024-12-17 04:21:31,25293669
2024-12-17 05:17:32,25295847
2024-12-17 06:25:28,25298400
2024-12-17 07:17:34,25300248
2024-12-17 08:23:29,25302429
2024-12-17 09:19:29,25304400
2024-12-17 10:18:32,25306416
2024-12-17 11:14:32,25308612
2024-12-17 12:36:31,25311667
2024-12-17 13:27:30,25314173
2024-12-17 14:16:33,25316821
2024-12-17 15:18:33,25320387
2024-12-17 16:23:29,25324014
2024-12-17 17:15:29,25326799
2024-12-17 18:25:29,25330664
2024-12-17 19:14:29,25333193
2024-12-17 20:18:31,25336644
2024-12-17 21:14:29,25339617
2024-12-17 22:15:33,25342796
2024-12-17 23:15:34,25345641
2024-12-18 01:21:34,25351228
2024-12-18 02:54:31,25355296
2024-12-18 03:28:32,25356726
2024-12-18 04:20:53,25358723
2024-12-18 05:16:31,25360781
2024-12-18 06:24:29,25363157
2024-12-18 07:16:31,25364898
2024-12-18 08:23:38,25367147
2024-12-18 09:18:31,25368962
2024-12-18 10:17:30,25370965
2024-12-18 11:13:35,25373122
2024-12-18 12:35:34,25376270
2024-12-18 13:24:30,25378670
2024-12-18 14:16:29,25381460
2024-12-18 15:18:35,25384965
2024-12-18 16:21:31,25388364
2024-12-18 17:15:30,25391266
2024-12-18 18:24:32,25394872
2024-12-18 19:13:29,25397350
2024-12-18 20:18:29,25400572
2024-12-18 21:14:35,25403494
2024-12-18 22:16:34,25406797
2024-12-18 23:16:37,25409886
2024-12-19 01:22:34,25415703
2024-12-19 02:55:29,25419711
2024-12-19 03:29:32,25421077
2024-12-19 04:20:30,25423069
2024-12-19 05:17:30,25425172
2024-12-19 06:25:39,25427425
2024-12-19 07:16:39,25429072
2024-12-19 08:22:36,25431314
2024-12-19 09:18:29,25433084
2024-12-19 10:18:32,25434936
2024-12-19 11:13:30,25437079
2024-12-19 12:35:30,25440173
2024-12-19 13:24:29,25442422
2024-12-19 14:16:33,25444977
2024-12-19 15:17:31,25448214
2024-12-19 16:19:31,25451360
2024-12-19 17:12:30,25454050
2024-12-19 18:23:37,25457626
2024-12-19 19:12:30,25460153
2024-12-19 20:17:29,25463485
2024-12-19 21:15:29,25466476
2024-12-19 22:15:29,25469344
2024-12-19 23:15:31,25472286
2024-12-20 01:18:35,25477871
2024-12-20 02:48:30,25481523
2024-12-20 03:21:28,25482855
2024-12-20 04:19:32,25485310
2024-12-20 05:15:31,25487377
2024-12-20 06:23:30,25489751
2024-12-20 07:15:31,25491447
2024-12-20 08:21:38,25493560
2024-12-20 09:16:40,25495208
2024-12-20 10:17:30,25497128
2024-12-20 11:13:30,25499107
2024-12-20 12:32:31,25502691
2024-12-20 13:20:32,25505017
2024-12-20 14:14:30,25507712
2024-12-20 15:16:34,25511008
2024-12-20 16:19:42,25514491
2024-12-20 17:13:30,25517429
2024-12-20 18:22:29,25520897
2024-12-20 19:12:33,25523401
2024-12-20 20:17:32,25526684
2024-12-20 21:14:31,25529544
2024-12-20 22:14:29,25532372
2024-12-20 23:15:30,25535256
2024-12-21 01:16:31,25540408
2024-12-21 02:43:29,25544388
2024-12-21 03:18:29,25545972
2024-12-21 04:18:30,25548422
2024-12-21 05:14:29,25550490
2024-12-21 06:21:31,25552769
2024-12-21 07:13:29,25554547
2024-12-21 08:19:29,25556768
2024-12-21 09:14:33,25558593
2024-12-21 10:15:29,25560584
2024-12-21 11:11:29,25562319
2024-12-21 12:30:32,25565133
2024-12-21 13:17:40,25566942
2024-12-21 14:12:29,25569284
2024-12-21 15:14:39,25572133
2024-12-21 16:18:29,25575299
2024-12-21 17:13:34,25577837
2024-12-21 18:20:33,25580862
2024-12-21 19:11:32,25583184
2024-12-21 20:15:31,25586020
2024-12-21 21:13:33,25588417
2024-12-21 22:14:32,25590912
2024-12-21 23:14:30,25593388
2024-12-22 01:24:33,25598468
2024-12-22 02:52:29,25601666
2024-12-22 03:23:36,25602786
2024-12-22 04:19:29,25604658
2024-12-22 05:14:30,25606374
2024-12-22 06:21:30,25608514
2024-12-22 07:13:37,25610061
2024-12-22 08:19:31,25612221
2024-12-22 09:14:30,25614045
2024-12-22 10:15:28,25616103
2024-12-22 11:11:31,25617910
2024-12-22 12:29:33,25620572
2024-12-22 13:18:29,25622360
2024-12-22 14:13:34,25624565
2024-12-22 15:14:33,25627224
2024-12-22 16:18:28,25630204
2024-12-22 17:13:32,25632747
2024-12-22 18:20:34,25635939
2024-12-22 19:11:30,25638268
2024-12-22 20:16:29,25641265
2024-12-22 21:13:38,25643892
2024-12-22 22:14:29,25646665
2024-12-22 23:15:36,25649230
2024-12-23 01:19:28,25654026
2024-12-23 02:50:31,25657220
2024-12-23 03:22:29,25658279
2024-12-23 04:19:35,25660144
2024-12-23 05:16:28,25661940
2024-12-23 06:24:36,25663920
2024-12-23 07:16:30,25665474
2024-12-23 08:21:36,25667451
2024-12-23 09:17:33,25669238
2024-12-23 10:17:31,25670980
2024-12-23 11:13:31,25672699
2024-12-23 12:33:31,25675274
2024-12-23 13:21:36,25677028
2024-12-23 14:15:29,25679245
2024-12-23 15:16:29,25681844
2024-12-23 16:20:31,25684635
2024-12-23 17:13:30,25686914
2024-12-23 18:22:32,25689878
2024-12-23 19:13:33,25692277
2024-12-23 20:17:32,25695196
2024-12-23 21:14:29,25697575
2024-12-23 22:14:35,25700021
2024-12-23 23:15:32,25702534
2024-12-24 01:17:28,25706888
2024-12-24 02:47:30,25709940
2024-12-24 03:20:34,25710965
2024-12-24 04:19:31,25712698
2024-12-24 05:15:29,25714307
2024-12-24 06:23:29,25716227
2024-12-24 07:15:42,25717636
2024-12-24 08:20:40,25719413
2024-12-24 09:16:40,25720887
2024-12-24 10:16:42,25722587
2024-12-24 11:12:38,25724177
2024-12-24 12:32:39,25726748
2024-12-24 13:20:39,25728404
2024-12-24 14:14:38,25730360
2024-12-24 15:16:38,25732820
2024-12-24 16:18:46,25735379
2024-12-24 17:13:44,25737553
2024-12-24 18:21:43,25740082
2024-12-24 19:11:41,25741819
2024-12-24 20:16:43,25743999
2024-12-24 21:14:41,25745952
2024-12-24 22:14:38,25747923
2024-12-24 23:14:43,25749975
2024-12-25 01:16:47,25753813
2024-12-25 02:45:41,25756274
2024-12-25 03:19:47,25757188
2024-12-25 04:19:55,25758705
2024-12-25 05:15:39,25760120
2024-12-25 06:23:45,25761780
2024-12-25 07:14:43,25762962
2024-12-25 08:20:41,25764602
2024-12-25 09:16:38,25766092
2024-12-25 10:15:43,25767754
2024-12-25 11:12:40,25769297
2024-12-25 12:31:38,25771649
2024-12-25 13:19:48,25773277
2024-12-25 14:13:42,25775059
2024-12-25 15:15:43,25777232
2024-12-25 16:18:38,25779512
2024-12-25 17:15:43,25781534
2024-12-25 18:21:39,25783956
2024-12-25 19:12:45,25785987
2024-12-25 20:16:38,25788301
2024-12-25 21:14:39,25790290
2024-12-25 22:14:39,25792514
2024-12-25 23:15:39,25794625
2024-12-26 01:16:38,25799056
2024-12-26 02:46:38,25801877
2024-12-26 03:20:42,25802968
2024-12-26 04:19:44,25804791
2024-12-26 05:15:43,25806355
2024-12-26 06:23:43,25808208
2024-12-26 07:15:43,25809711
2024-12-26 08:20:53,25811438
2024-12-26 09:16:40,25812863
2024-12-26 10:16:45,25814559
2024-12-26 11:12:39,25816225
2024-12-26 12:32:38,25818572
2024-12-26 13:21:44,25820137
2024-12-26 14:14:38,25822068
2024-12-26 15:16:45,25824472
2024-12-26 16:19:42,25827179
2024-12-26 17:13:41,25829703
2024-12-26 18:21:38,25832830
2024-12-26 19:12:38,25835067
2024-12-26 20:16:41,25837800
2024-12-26 21:13:47,25838664
2024-12-26 22:14:38,25839547
2024-12-26 23:15:43,25840422
2024-12-27 01:17:38,25842008
2024-12-27 02:46:42,25843164
2024-12-27 03:19:41,25843557
2024-12-27 04:19:40,25844260
2024-12-27 05:15:42,25844853
2024-12-27 06:22:44,25845540
2024-12-27 07:16:39,25846081
2024-12-27 08:20:41,25846710
2024-12-27 09:16:43,25847318
2024-12-27 10:16:42,25848009
2024-12-27 11:12:38,25848580
2024-12-27 12:32:40,25849529
2024-12-27 13:20:38,25850105
2024-12-27 14:14:41,25850876
2024-12-27 15:16:43,25851812
2024-12-27 16:19:40,25852836
2024-12-27 17:12:38,25853709
2024-12-27 18:21:41,25854809
2024-12-27 19:11:39,25855570
2024-12-27 20:16:38,25856508
2024-12-27 21:14:39,25857355
2024-12-27 22:14:48,25858253
2024-12-27 23:14:38,25859176
2024-12-28 01:16:38,25860770
2024-12-28 02:42:39,25861836
2024-12-28 03:18:38,25862224
2024-12-28 04:19:38,25862934
2024-12-28 05:14:38,25863506
2024-12-28 06:21:40,25864196
2024-12-28 07:13:38,25864701
2024-12-28 08:18:42,25865394
2024-12-28 09:15:39,25866042
2024-12-28 10:15:38,25866722
2024-12-28 11:11:40,25867497
2024-12-28 12:30:40,25868557
2024-12-28 13:17:40,25869175
2024-12-28 14:12:38,25869977
2024-12-28 15:14:42,25870935
2024-12-28 16:18:43,25872100
2024-12-28 17:12:38,25873032
2024-12-28 18:20:38,25874202
2024-12-28 19:11:43,25875095
2024-12-28 20:15:44,25876094
2024-12-28 21:13:38,25877007
2024-12-28 22:14:41,25877911
2024-12-28 23:15:43,25878844
2024-12-29 01:24:41,25880652
2024-12-29 02:53:39,25881711
2024-12-29 03:25:38,25882073
2024-12-29 04:18:41,25882642
2024-12-29 05:14:38,25883222
2024-12-29 06:21:42,25883916
2024-12-29 07:13:46,25884439
2024-12-29 08:19:39,25885110
2024-12-29 09:14:38,25885676
2024-12-29 10:15:38,25886362
2024-12-29 11:11:41,25887029
2024-12-29 12:30:40,25887918
2024-12-29 13:17:38,25888491
2024-12-29 14:12:41,25889218
2024-12-29 15:14:44,25890130
2024-12-29 16:17:42,25891177
2024-12-29 17:13:40,25892165
2024-12-29 18:19:38,25893310
2024-12-29 19:11:44,25894144
2024-12-29 20:16:38,25895140
2024-12-29 21:13:40,25896009
2024-12-29 22:13:38,25896931
2024-12-29 23:14:38,25897781
2024-12-30 01:20:40,25899432
2024-12-30 02:50:39,25900546
2024-12-30 03:22:41,25900917
2024-12-30 04:19:38,25901614
2024-12-30 05:16:43,25902228
2024-12-30 06:24:41,25902950
2024-12-30 07:16:43,25903505
2024-12-30 08:20:40,25904144
2024-12-30 09:17:38,25904740
2024-12-30 10:17:38,25905415
2024-12-30 11:12:39,25905993
2024-12-30 12:32:39,25906908
2024-12-30 13:21:41,25907547
2024-12-30 14:14:38,25908308
2024-12-30 15:16:41,25909246
2024-12-30 16:19:39,25910282
2024-12-30 17:13:38,25911222
2024-12-30 18:22:40,25912378
2024-12-30 19:11:47,25913202
2024-12-30 20:16:42,25914231
2024-12-30 21:14:42,25915131
2024-12-30 22:14:40,25916102
2024-12-30 23:14:38,25916986
2024-12-31 01:17:39,25918594
2024-12-31 02:45:38,25919701
2024-12-31 03:19:39,25920079
2024-12-31 04:19:39,25920788
2024-12-31 05:15:41,25921399
2024-12-31 06:23:38,25922107
2024-12-31 07:15:41,25922678
2024-12-31 08:20:38,25923349
2024-12-31 09:16:44,25923972
2024-12-31 10:16:43,25924683
2024-12-31 11:12:39,25925336
2024-12-31 12:32:40,25926335
2024-12-31 13:19:38,25926954
2024-12-31 14:14:38,25927794
2024-12-31 15:15:38,25928657
2024-12-31 16:18:39,25929638
2024-12-31 17:12:44,25930570
2024-12-31 18:21:40,25931591
2024-12-31 19:11:38,25932286
2024-12-31 20:16:38,25933160
2024-12-31 21:14:39,25933899
2024-12-31 22:14:41,25934577
2024-12-31 23:14:40,25935249
2025-01-01 01:24:38,25936643
2025-01-01 02:54:42,25937571
2025-01-01 03:26:38,25937893
2025-01-01 04:19:39,25938404
2025-01-01 05:16:41,25938932
2025-01-01 06:24:38,25939582
2025-01-01 07:15:38,25940084
2025-01-01 08:20:40,25940796
2025-01-01 09:16:40,25941415
2025-01-01 10:16:41,25942108
2025-01-01 11:11:44,25942755
2025-01-01 12:32:38,25943736
2025-01-01 13:20:40,25944415
2025-01-01 14:14:39,25945250
2025-01-01 15:16:38,25946272
2025-01-01 16:19:39,25947432
2025-01-01 17:13:40,25948443
2025-01-01 18:21:40,25949592
2025-01-01 19:12:39,25950583
2025-01-01 20:16:41,25951754
2025-01-01 21:15:40,25952783
2025-01-01 22:14:39,25953807
2025-01-01 23:15:39,25954844
2025-01-02 01:16:38,25956629
2025-01-02 02:46:39,25957936
2025-01-02 03:19:38,25958419
2025-01-02 04:20:08,26162015
2025-01-02 05:15:08,26163956
2025-01-02 06:24:08,26166187
2025-01-02 07:15:12,26167788
2025-01-02 08:21:10,26169938
2025-01-02 09:17:08,26171856
2025-01-02 10:16:12,26174028
2025-01-02 11:13:08,26176031
2025-01-02 12:33:09,26178991
2025-01-02 13:20:12,26180983
2025-01-02 14:14:09,26183352
2025-01-02 15:16:08,26186310
2025-01-02 16:20:12,26189423
2025-01-02 17:14:07,26192035
2025-01-02 18:22:12,26195376
2025-01-02 19:12:09,26197737
2025-01-02 20:17:07,26201785
2025-01-02 21:14:10,26204498
2025-01-02 22:15:13,26207293
2025-01-02 23:15:07,26209874
2025-01-03 01:18:07,26214574
2025-01-03 02:47:07,26217748
2025-01-03 03:20:10,26218878
2025-01-03 04:20:12,26220916
2025-01-03 05:15:09,26222605
2025-01-03 06:24:09,26224708
2025-01-03 07:15:07,26226278
2025-01-03 08:21:10,26228420
2025-01-03 09:16:08,26230377
2025-01-03 10:16:07,26232510
2025-01-03 11:13:08,26234495
2025-01-03 12:32:10,26237513
2025-01-03 13:21:09,26239357
2025-01-03 14:15:09,26241606
2025-01-03 15:16:14,26244447
2025-01-03 16:20:09,26247442
2025-01-03 17:13:10,26249917
2025-01-03 18:22:11,26253194
2025-01-03 19:12:07,26255633
2025-01-03 20:17:09,26258530
2025-01-03 21:14:07,26261075
2025-01-03 22:15:07,26263703
2025-01-03 23:15:09,26266113
2025-01-04 01:16:08,26270964
2025-01-04 02:43:11,26273952
2025-01-04 03:19:07,26275366
2025-01-04 04:19:07,26277493
2025-01-04 05:14:07,26279299
2025-01-04 06:21:10,26281439
2025-01-04 07:14:07,26283323
2025-01-04 08:19:08,26285653
2025-01-04 09:15:08,26287802
2025-01-04 10:15:08,26290103
2025-01-04 11:12:08,26292289
2025-01-04 12:31:11,26295433
2025-01-04 13:19:10,26297246
2025-01-04 14:13:08,26299499
2025-01-04 15:15:09,26302313
2025-01-04 16:18:11,26305244
2025-01-04 17:13:07,26308032
2025-01-04 18:21:07,26311307
2025-01-04 19:11:15,26313834
2025-01-04 20:16:10,26317227
2025-01-04 21:14:08,26320048
2025-01-04 22:14:08,26322926
2025-01-04 23:15:10,26325655
2025-01-05 01:24:10,26331207
2025-01-05 02:53:12,26334713
2025-01-05 03:24:09,26335982
2025-01-05 04:18:07,26338050
2025-01-05 05:15:07,26340299
2025-01-05 06:22:07,26342681
2025-01-05 07:13:08,26344657
2025-01-05 08:18:10,26347019
2025-01-05 09:15:07,26349245
2025-01-05 10:15:11,26351886
2025-01-05 11:11:14,26354092
2025-01-05 12:31:09,26357354
2025-01-05 13:18:11,26359449
2025-01-05 14:13:07,26362011
2025-01-05 15:15:09,26365205
2025-01-05 16:18:08,26368435
2025-01-05 17:12:10,26371256
2025-01-05 18:20:08,26374784
2025-01-05 19:11:09,26377358
2025-01-05 20:16:09,26380715
2025-01-05 21:14:09,26383578
2025-01-05 22:14:09,26386574
2025-01-05 23:14:07,26389418
2025-01-06 01:21:08,26395089
2025-01-06 02:52:09,26398779
2025-01-06 03:24:09,26400082
2025-01-06 04:20:07,26402234
2025-01-06 05:16:09,26404454
2025-01-06 06:25:08,26407147
2025-01-06 07:17:16,26409028
2025-01-06 08:22:12,26411577
2025-01-06 09:18:11,26413786
2025-01-06 10:18:11,26416247
2025-01-06 11:13:08,26418699
2025-01-06 12:34:10,26422164
2025-01-06 13:23:14,26424682
2025-01-06 14:15:13,26427596
2025-01-06 15:17:11,26431287
2025-01-06 16:21:17,26435041
2025-01-06 17:14:10,26437900
2025-01-06 18:23:08,26441487
2025-01-06 19:12:09,26444230
2025-01-06 20:16:10,26447845
2025-01-06 21:15:08,26451176
2025-01-06 22:15:07,26454546
2025-01-06 23:16:11,26457929
2025-01-07 01:19:10,26463811
2025-01-07 02:49:08,26468026
2025-01-07 03:23:09,26469548
2025-01-07 04:19:08,26472140
2025-01-07 05:15:09,26474466
2025-01-07 06:25:07,26477083
2025-01-07 07:15:12,26478999
2025-01-07 08:21:23,26481395
2025-01-07 09:18:07,26483562
2025-01-07 10:18:08,26485927
2025-01-07 11:13:07,26488166
2025-01-07 12:34:07,26492059
2025-01-07 13:24:07,26494665
2025-01-07 15:23:08,26503177
2025-01-07 16:33:08,26509511
2025-01-07 17:14:11,26513406
2025-01-07 18:23:07,26520089
2025-01-07 19:12:09,26525067
2025-01-07 20:17:08,26531880
2025-01-07 21:15:16,26538023
2025-01-07 22:15:08,26544333
2025-01-07 23:15:14,26550102
2025-01-08 01:18:08,26562210
2025-01-08 02:47:16,26567756
2025-01-08 03:20:09,26571210
2025-01-08 04:20:10,26575507
2025-01-08 05:16:11,26578954
2025-01-08 06:23:09,26583246
2025-01-08 07:15:13,26586321
2025-01-08 08:21:08,26590069
2025-01-08 09:17:09,26593176
2025-01-08 10:18:10,26596744
2025-01-08 11:13:09,26600324
2025-01-08 12:34:09,26606562
2025-01-08 13:22:11,26610690
2025-01-08 14:15:13,26616078
2025-01-08 15:17:10,26623162
2025-01-08 16:19:08,26630765
2025-01-08 17:13:07,26637261
2025-01-08 18:23:10,26645849
2025-01-08 19:12:08,26651924
2025-01-08 20:17:10,26659611
2025-01-08 21:15:15,26666598
2025-01-08 22:15:08,26673502
2025-01-08 23:15:18,26679779
2025-01-09 01:17:07,26691649
2025-01-09 03:11:12,26701579
2025-01-09 04:19:07,26706674
2025-01-09 05:15:09,26710808
2025-01-09 06:23:07,26714923
2025-01-09 07:15:10,26717768
2025-01-09 18:24:11,26767444
2025-01-09 19:12:08,26772079
2025-01-09 20:18:10,26778721
2025-01-09 21:15:08,26784096
2025-01-09 22:15:08,26789699
2025-01-09 23:16:12,26795222
2025-01-10 01:20:08,26805354
2025-01-10 02:52:08,26812322
2025-01-10 03:23:14,26814557
2025-01-10 04:20:10,26818235
2025-01-10 05:16:07,26821456
2025-01-10 06:24:08,26825102
2025-01-10 07:15:12,26827717
2025-01-10 08:21:08,26831053
2025-01-10 09:17:09,26833703
2025-01-10 10:17:11,26836735
2025-01-10 11:14:08,26839854
2025-01-10 12:33:08,26844733
2025-01-10 13:21:08,26848097
2025-01-10 14:15:12,26852269
2025-01-10 15:16:12,26857709
2025-01-10 16:21:07,26863548
2025-01-10 17:14:07,26868569
2025-01-10 18:23:08,26875370
2025-01-10 19:12:09,26880283
2025-01-10 20:17:08,26887061
2025-01-10 21:15:10,26893042
2025-01-10 22:15:07,26899384
2025-01-10 23:15:07,26905429
2025-01-11 01:18:07,26917559
2025-01-11 02:47:09,26925428
2025-01-11 03:20:10,26928232
2025-01-11 04:19:07,26932814
2025-01-11 05:14:08,26936806
2025-01-11 06:21:08,26941043
2025-01-11 07:14:08,26944395
2025-01-11 08:19:08,26948383
2025-01-11 09:15:10,26951804
2025-01-11 10:15:09,26955573
2025-01-11 11:12:08,26959146
2025-01-11 12:31:08,26964510
2025-01-11 13:18:09,26968797
2025-01-11 14:13:08,26974128
2025-01-11 15:15:10,26981088
2025-01-11 16:18:09,26988814
2025-01-11 17:13:08,26995585
2025-01-11 18:20:12,27003908
2025-01-11 19:11:07,27010018
2025-01-11 20:16:09,27017607
2025-01-11 21:13:08,27024128
2025-01-11 22:14:08,27031271
2025-01-11 23:15:07,27038215
2025-01-12 01:25:07,27051476
2025-01-12 02:54:08,27059144
2025-01-12 03:27:17,27062062
2025-01-12 04:19:07,27066492
2025-01-12 05:15:13,27070858
2025-01-12 06:22:08,27075738
2025-01-12 07:14:08,27079296
2025-01-12 08:18:09,27083307
2025-01-12 09:15:10,27086899
2025-01-12 10:15:13,27090718
2025-01-12 11:13:08,27094707
2025-01-12 12:30:13,27099910
2025-01-12 13:18:08,27103578
2025-01-12 14:13:07,27108737
2025-01-12 15:15:11,27115698
2025-01-12 16:18:10,27123681
2025-01-12 17:13:09,27130812
2025-01-12 18:20:14,27139571
2025-01-12 19:12:07,27146287
2025-01-12 20:17:07,27154738
2025-01-12 21:14:09,27161956
2025-01-12 22:14:10,27169562
2025-01-12 23:15:10,27177058
2025-01-13 01:22:08,27191630
2025-01-13 02:53:11,27202048
2025-01-13 03:26:09,27205781
2025-01-13 04:21:10,27211652
2025-01-13 05:17:07,27216947
2025-01-13 06:25:08,27222806
2025-01-13 07:16:12,27226680
2025-01-13 08:22:57,27231911
2025-01-13 09:18:10,27235766
2025-01-13 10:18:11,27240127
2025-01-13 11:13:08,27244443
2025-01-13 12:35:09,27250857
2025-01-13 13:23:08,27255141
2025-01-13 14:16:08,27260662
2025-01-13 15:18:07,27267875
2025-01-13 16:22:10,27276010
2025-01-13 17:15:09,27282921
2025-01-13 18:25:08,27291716
2025-01-13 19:13:09,27297664
2025-01-13 20:17:08,27305391
2025-01-13 21:14:08,27312695
2025-01-13 22:15:07,27320638
2025-01-13 23:14:09,27327830
2025-01-14 01:14:08,27340976
2025-01-14 02:39:08,27349979
2025-01-14 03:16:09,27353413
2025-01-14 04:19:08,27358790
2025-01-14 05:15:14,27362810
2025-01-14 06:22:09,27367017
2025-01-14 07:15:08,27370245
2025-01-14 08:20:07,27373817
2025-01-14 09:17:08,27376983
2025-01-14 10:17:09,27380412
2025-01-14 11:13:08,27383960
2025-01-14 12:32:10,27389707
2025-01-14 13:20:08,27393652
2025-01-14 14:15:11,27398519
2025-01-14 15:17:09,27404458
2025-01-14 16:20:12,27410901
2025-01-14 17:13:12,27416567
2025-01-14 18:22:10,27423823
2025-01-14 19:12:09,27429147
2025-01-14 20:17:08,27435894
2025-01-14 21:15:07,27441925
2025-01-14 22:15:15,27447942
2025-01-14 23:15:08,27453684
2025-01-15 01:16:10,27464360
2025-01-15 02:42:07,27471363
2025-01-15 03:17:08,27474002
2025-01-15 04:19:12,27478396
2025-01-15 05:16:09,27481831
2025-01-15 06:22:09,27485490
2025-01-15 07:15:08,27488235
2025-01-15 08:20:16,27491721
2025-01-15 09:17:08,27494661
2025-01-15 10:17:10,27497778
2025-01-15 10:27:08,27498356
2025-01-15 12:30:18,27505631
2025-01-15 13:21:08,27509374
2025-01-15 14:14:11,27513721
2025-01-15 15:17:09,27519748
2025-01-15 16:20:08,27526174
2025-01-15 17:13:09,27531878
2025-01-15 18:22:10,27538910
2025-01-15 19:12:14,27544109
2025-01-15 20:17:07,27551078
2025-01-15 21:14:09,27557135
2025-01-15 22:14:10,27563403
2025-01-15 23:15:07,27569164
2025-01-16 01:16:10,27579956
2025-01-16 02:41:07,27587084
2025-01-16 03:18:11,27590007
2025-01-16 04:18:09,27594246
2025-01-16 05:15:07,27597703
2025-01-16 06:22:09,27601340
2025-01-16 07:14:08,27604081
2025-01-16 08:20:09,27607240
2025-01-16 09:16:07,27609872
2025-01-16 10:17:09,27613213
2025-01-16 11:13:09,27616407
2025-01-16 12:32:09,27621352
2025-01-16 13:20:08,27624745
2025-01-16 14:14:07,27629043
2025-01-16 15:16:11,27634912
2025-01-16 16:19:08,27641187
2025-01-16 17:14:10,27646716
2025-01-16 18:21:12,27654199
2025-01-16 19:12:07,27659906
2025-01-16 20:17:07,27667615
2025-01-16 21:14:07,27674529
2025-01-16 22:14:11,27681710
2025-01-16 23:16:08,27688214
2025-01-17 01:16:07,27697913
2025-01-17 02:40:08,27704065
2025-01-17 03:18:09,27706817
2025-01-17 04:19:08,27712087
2025-01-17 05:15:08,27716132
2025-01-17 06:22:10,27720443
2025-01-17 07:15:10,27724109
2025-01-17 08:20:07,27728555
2025-01-17 09:16:12,27731950
2025-01-17 10:16:12,27735697
2025-01-17 11:14:09,27739502
2025-01-17 12:31:07,27744646
2025-01-17 13:20:07,27748208
2025-01-17 14:14:10,27752898
2025-01-17 15:16:11,27758576
2025-01-17 16:19:08,27765239
2025-01-17 17:14:09,27771114
2025-01-17 18:21:08,27778058
2025-01-17 19:13:10,27783140
2025-01-17 20:17:09,27789238
2025-01-17 21:13:09,27794660
2025-01-17 22:14:08,27800280
2025-01-17 23:15:10,27805606
2025-01-18 01:14:10,27815636
2025-01-18 02:37:13,27822083
2025-01-18 03:16:09,27825141
2025-01-18 04:18:08,27829793
2025-01-18 05:14:09,27833580
2025-01-18 06:20:10,27837476
2025-01-18 07:13:09,27840520
2025-01-18 08:18:08,27844361
2025-01-18 09:14:10,27847682
2025-01-18 10:15:10,27851267
2025-01-18 11:11:16,27854446
2025-01-18 12:29:07,27859688
2025-01-18 13:16:11,27863118
2025-01-18 14:13:07,27868203
2025-01-18 15:14:10,27874829
2025-01-18 16:17:09,27882744
2025-01-18 17:12:08,27889838
2025-01-18 18:20:09,27898910
2025-01-18 19:11:09,27905619
2025-01-18 20:15:07,27913322
2025-01-18 21:14:09,27920073
2025-01-18 22:13:07,27927097
2025-01-18 23:14:12,27934788
2025-01-19 01:21:08,27951267
2025-01-19 02:48:08,27963493
2025-01-19 03:19:09,27968152
2025-01-19 04:18:08,27990409
2025-01-19 05:14:10,28006588
2025-01-19 06:20:08,28018013
2025-01-19 07:14:29,28024301
2025-01-19 08:18:10,28029928
2025-01-19 09:14:10,28034520
2025-01-19 10:15:08,28039219
2025-01-19 11:11:10,28043838
2025-01-19 12:29:09,28051505
2025-01-19 13:17:09,28057717
2025-01-19 14:14:07,28067660
2025-01-19 15:15:09,28080113
2025-01-19 16:18:09,28093727
2025-01-19 17:14:08,28105459
2025-01-19 18:20:13,28119014
2025-01-19 19:11:12,28128398
2025-01-19 20:16:11,28139332
2025-01-19 21:09:09,28148071
2025-01-19 22:15:10,28159143
2025-01-19 23:14:12,28169284
2025-01-20 01:17:10,28189001
2025-01-20 02:45:13,28202447
2025-01-20 03:18:09,28207347
2025-01-20 04:19:12,28215473
2025-01-20 05:15:08,28221919
2025-01-20 06:24:08,28228457
2025-01-20 07:15:10,28232718
2025-01-20 08:22:08,28238009
2025-01-20 09:18:08,28242114
2025-01-20 10:17:08,28246417
2025-01-20 11:13:08,28250707
2025-01-20 12:33:08,28257990
2025-01-20 13:21:09,28263326
2025-01-20 14:15:07,28270391
2025-01-20 15:17:08,28279980
2025-01-20 16:20:10,28290455
2025-01-20 17:14:10,28300081
2025-01-20 18:21:08,28312714
2025-01-20 19:12:10,28321951
2025-01-20 20:16:11,28333149
2025-01-20 21:14:07,28344134
2025-01-20 22:14:11,28356363
2025-01-20 23:14:09,28368632
2025-01-21 01:16:09,28390570
2025-01-21 02:42:07,28406502
2025-01-21 03:17:08,28419433
2025-01-21 04:19:10,28432976
2025-01-21 05:15:13,28441710
2025-01-21 06:23:08,28450684
2025-01-21 07:15:11,28456431
2025-01-21 08:20:08,28463075
2025-01-21 09:17:10,28468768
2025-01-21 10:17:07,28474999
2025-01-21 11:13:08,28481079
2025-01-21 12:33:07,28492096
2025-01-21 13:21:12,28500131
2025-01-21 14:15:08,28510799
2025-01-21 15:17:08,28524746
2025-01-21 16:21:11,28540094
2025-01-21 17:15:07,28553827
2025-01-21 18:22:10,28571203
2025-01-21 19:12:11,28583738
2025-01-21 20:17:09,28600404
2025-01-21 21:15:07,28614838
2025-01-21 22:14:09,28628889
2025-01-21 23:15:07,28642509
2025-01-22 01:17:08,28667276
2025-01-22 02:45:09,28684999
2025-01-22 03:19:08,28697472
2025-01-22 04:19:07,28712263
2025-01-22 05:15:08,28721580
2025-01-22 06:23:08,28731431
2025-01-22 07:15:07,28737948
2025-01-22 08:22:08,28745379
2025-01-22 09:17:08,28751100
2025-01-22 10:15:13,28757166
2025-01-22 11:13:07,28763852
2025-01-22 12:33:08,28774456
2025-01-22 13:21:10,28782055
2025-01-22 14:15:11,28791785
2025-01-22 15:17:07,28804368
2025-01-22 16:21:08,28818486
2025-01-22 17:15:08,28830907
2025-01-22 18:23:09,28846256
2025-01-22 19:13:08,28857621
2025-01-22 20:17:10,28872455
2025-01-22 21:12:09,28885196
2025-01-22 22:15:14,28899893
2025-01-22 23:15:11,28912774
2025-01-23 01:16:09,28937594
2025-01-23 02:42:08,28955216
2025-01-23 03:17:07,28962991
2025-01-23 04:19:08,28973654
2025-01-23 05:15:08,28981577
2025-01-23 06:23:07,28990072
2025-01-23 07:15:14,28995772
2025-01-23 08:21:14,29002443
2025-01-23 09:17:10,29007784
2025-01-23 10:18:07,29013516
2025-01-23 11:13:07,29018865
2025-01-23 12:33:09,29028199
2025-01-23 13:21:08,29034816
2025-01-23 14:15:08,29043340
2025-01-23 15:17:08,29054306
2025-01-23 16:21:07,29066723
2025-01-23 17:14:09,29077238
2025-01-23 18:22:07,29090957
2025-01-23 19:12:12,29100848
2025-01-23 20:17:09,29113056
2025-01-23 21:14:12,29123809
2025-01-23 22:14:11,29134712
2025-01-23 23:15:14,29144843
2025-01-24 01:16:08,29162941
2025-01-24 02:43:07,29175313
2025-01-24 03:18:09,29180128
2025-01-24 04:19:08,29187567
2025-01-24 05:15:08,29193720
2025-01-24 06:23:08,29200053
2025-01-24 07:15:14,29204425
2025-01-24 08:21:22,29209380
2025-01-24 09:17:08,29213338
2025-01-24 10:18:07,29217714
2025-01-24 11:13:08,29221929
2025-01-24 12:32:11,29228914
2025-01-24 13:20:12,29233869
2025-01-24 14:14:07,29240317
2025-01-24 15:17:08,29248772
2025-01-24 16:20:15,29258161
2025-01-24 17:13:08,29266267
2025-01-24 18:22:07,29277026
2025-01-24 19:11:10,29284891
2025-01-24 20:16:12,29295282
2025-01-24 21:14:08,29304949
2025-01-24 22:14:09,29314635
2025-01-24 23:15:09,29323729
2025-01-25 01:13:07,29339946
2025-01-25 02:38:09,29350630
2025-01-25 03:16:10,29355379
2025-01-25 04:18:10,29362519
2025-01-25 05:14:08,29368030
2025-01-25 06:20:12,29373575
2025-01-25 07:13:08,29377865
2025-01-25 08:19:09,29383131
2025-01-25 09:15:09,29387682
2025-01-25 10:15:07,29392437
2025-01-25 11:12:13,29396797
2025-01-25 12:29:08,29403271
2025-01-25 13:16:09,29408165
2025-01-25 14:12:09,29415197
2025-01-25 15:14:08,29424038
2025-01-25 16:19:09,29434530
2025-01-25 17:12:08,29443532
2025-01-25 18:19:08,29454554
2025-01-25 19:11:09,29462713
2025-01-25 20:15:11,29472513
2025-01-25 21:13:08,29481328
2025-01-25 22:15:08,29490218
2025-01-25 23:15:10,29498746
2025-01-26 01:18:10,29514784
2025-01-26 02:45:13,29525069
2025-01-26 03:18:07,29528711
2025-01-26 04:18:08,29534736
2025-01-26 05:15:08,29539702
2025-01-26 06:21:11,29544872
2025-01-26 07:13:07,29548594
2025-01-26 08:18:15,29553156
2025-01-26 09:15:10,29557079
2025-01-26 10:15:07,29561167
2025-01-26 11:11:07,29565008
2025-01-26 12:29:08,29570665
2025-01-26 13:17:09,29575124
2025-01-26 14:12:10,29581619
2025-01-26 15:15:09,29590115
2025-01-26 16:17:09,29598988
2025-01-26 17:13:08,29608121
2025-01-26 18:20:11,29618319
2025-01-26 19:12:11,29625801
2025-01-26 20:16:11,29634847
2025-01-26 21:13:08,29642957
2025-01-26 22:13:07,29651393
2025-01-26 23:13:08,29659271
2025-01-27 01:17:07,29674336
2025-01-27 02:44:08,29684354
2025-01-27 03:19:08,29688048
2025-01-27 04:20:09,29693888
2025-01-27 05:15:08,29698282
2025-01-27 06:24:10,29702973
2025-01-27 07:16:11,29706173
2025-01-27 08:22:11,29710098
2025-01-27 09:18:11,29713486
2025-01-27 10:18:09,29717106
2025-01-27 11:14:09,29720846
2025-01-27 12:33:08,29726814
2025-01-27 13:21:08,29730788
2025-01-27 14:15:11,29735868
2025-01-27 15:15:14,29742157
2025-01-27 16:20:13,29749496
2025-01-27 17:14:07,29755851
2025-01-27 18:22:07,29764059
2025-01-27 19:12:10,29770237
2025-01-27 20:17:08,29777924
2025-01-27 21:16:10,29785266
2025-01-27 22:15:11,29792118
2025-01-27 23:15:12,29798796
2025-01-28 01:16:08,29812694
2025-01-28 02:41:08,29821011
2025-01-28 03:17:10,29827959
2025-01-28 04:19:08,29835253
2025-01-28 05:15:09,29840430
2025-01-28 06:22:08,29845825
2025-01-28 07:15:07,29849557
2025-01-28 08:21:07,29854097
2025-01-28 09:17:11,29858114
2025-01-28 10:17:07,29862166
2025-01-28 11:13:08,29866120
2025-01-28 12:32:10,29872565
2025-01-28 13:21:13,29876767
2025-01-28 14:15:08,29882180
2025-01-28 15:17:07,29888750
2025-01-28 16:19:07,29895565
2025-01-28 17:13:08,29901671
2025-01-28 18:22:09,29910520
2025-01-28 19:12:10,29916786
2025-01-28 20:17:07,29925129
2025-01-28 21:15:08,29931850
2025-01-28 22:14:09,29938246
2025-01-28 23:15:13,29944463
2025-01-29 01:15:07,29955755
2025-01-29 02:41:11,29963853
2025-01-29 03:17:11,29986485
2025-01-29 04:19:10,29999596
2025-01-29 05:15:10,30006946
2025-01-29 06:23:08,30015747
2025-01-29 07:15:08,30020881
2025-01-29 08:21:09,30026600
2025-01-29 09:16:09,30030744
2025-01-29 10:17:08,30035534
2025-01-29 11:13:09,30039202
2025-01-29 12:32:08,30044451
2025-01-29 13:21:09,30048344
2025-01-29 14:15:07,30053228
2025-01-29 15:17:09,30059216
2025-01-29 16:20:11,30065622
2025-01-29 17:14:09,30071318
2025-01-29 18:22:11,30078528
2025-01-29 19:13:08,30085388
2025-01-29 20:17:08,30094343
2025-01-29 21:14:10,30102416
2025-01-29 22:15:14,30111278
2025-01-29 23:15:09,30119848
2025-01-30 01:15:10,30134914
2025-01-30 02:40:09,30145494
2025-01-30 03:18:07,30149635
2025-01-30 04:19:08,30154696
2025-01-30 05:17:07,30159707
2025-01-30 06:23:07,30164906
2025-01-30 07:14:12,30168533
2025-01-30 08:19:26,30173033
2025-01-30 09:16:09,30176949
2025-01-30 10:16:08,30181061
2025-01-30 11:14:08,30185125
2025-01-30 12:32:10,30191284
2025-01-30 13:20:07,30195383
2025-01-30 14:15:07,30199772
2025-01-30 15:17:08,30204441
2025-01-30 16:20:10,30209456
2025-01-30 17:14:11,30213828
2025-01-30 18:22:07,30219331
2025-01-30 19:12:11,30223359
2025-01-30 20:17:09,30228535
2025-01-30 21:14:10,30233219
2025-01-30 22:14:09,30239024
2025-01-30 23:16:09,30246652
2025-01-31 01:16:08,30260487
2025-01-31 02:42:09,30278838
2025-01-31 03:17:09,30292056
2025-01-31 04:19:08,30301622
2025-01-31 05:16:09,30310122
2025-01-31 06:23:07,30329587
2025-01-31 07:13:07,30335408
2025-01-31 08:20:09,30338110
2025-01-31 09:16:10,30340203
2025-01-31 10:16:09,30342744
2025-01-31 11:13:07,30345176
2025-01-31 12:32:07,30349037
2025-01-31 13:20:07,30351653
2025-01-31 14:14:09,30354951
2025-01-31 15:15:08,30359254
2025-01-31 16:19:07,30364150
2025-01-31 17:13:07,30368519
2025-01-31 18:22:07,30373838
2025-01-31 19:12:10,30377641
2025-01-31 20:17:08,30382420
2025-01-31 21:14:09,30386681
2025-01-31 22:14:08,30391618
2025-01-31 23:14:09,30396375
2025-02-01 01:20:08,30404911
2025-02-01 02:46:08,30410362
2025-02-01 03:20:08,30412426
2025-02-01 04:18:09,30415803
2025-02-01 05:14:07,30418893
2025-02-01 06:21:18,30422044
2025-02-01 07:15:22,30424336
2025-02-01 08:18:07,30427073
2025-02-01 09:16:07,30429709
2025-02-01 10:15:09,30432271
2025-02-01 11:11:12,30434603
2025-02-01 12:29:07,30438299
2025-02-01 13:16:11,30441053
2025-02-01 14:12:10,30444642
2025-02-01 15:17:07,30449351
2025-02-01 16:18:10,30454048
2025-02-01 17:13:09,30458365
2025-02-01 18:19:07,30463792
2025-02-01 19:11:08,30467836
2025-02-01 20:16:08,30472805
2025-02-01 21:14:08,30476993
2025-02-01 22:15:12,30481457
2025-02-01 23:14:09,30485875
2025-02-02 01:20:11,30494647
2025-02-02 02:44:08,30500361
2025-02-02 03:18:08,30502547
2025-02-02 04:18:09,30506029
2025-02-02 05:15:08,30508968
2025-02-02 06:21:08,30511916
2025-02-02 07:13:08,30514038
2025-02-02 08:18:10,30516791
2025-02-02 09:14:09,30519130
2025-02-02 10:15:13,30521652
2025-02-02 11:12:08,30524021
2025-02-02 12:28:10,30527263
2025-02-02 13:16:10,30529937
2025-02-02 14:12:08,30533722
2025-02-02 15:16:08,30538585
2025-02-02 16:18:08,30543543
2025-02-02 17:12:11,30548084
2025-02-02 18:22:08,30554275
2025-02-02 19:12:11,30558696
2025-02-02 20:15:10,30574557
2025-02-02 21:13:08,30585255
2025-02-02 22:15:11,30595252
2025-02-02 23:14:12,30603302
2025-02-03 01:17:18,30618973
2025-02-03 02:43:07,30629656
2025-02-03 03:20:08,30633827
2025-02-03 04:19:08,30639617
2025-02-03 05:15:08,30643624
2025-02-03 06:23:08,30647564
2025-02-03 07:17:08,30650088
2025-02-03 08:21:07,30652779
2025-02-03 09:18:08,30654888
2025-02-03 10:17:08,30657364
2025-02-03 11:13:08,30659934
2025-02-03 12:32:09,30664366
2025-02-03 13:21:07,30667776
2025-02-03 14:15:08,30671879
2025-02-03 15:17:10,30677537
2025-02-03 16:20:08,30683504
2025-02-03 17:14:08,30688573
2025-02-03 18:22:09,30694949
2025-02-03 19:13:10,30699670
2025-02-03 20:17:08,30705690
2025-02-03 21:15:12,30711274
2025-02-03 22:14:07,30716931
2025-02-03 23:15:09,30722341
2025-02-04 01:16:08,30732521
2025-02-04 02:42:09,30739376
2025-02-04 03:18:09,30743230
2025-02-04 04:19:07,30747853
2025-02-04 05:15:08,30751109
2025-02-04 06:23:08,30754364
2025-02-04 07:15:14,30756525
2025-02-04 08:21:22,30758959
2025-02-04 09:17:08,30761010
2025-02-04 10:17:10,30763347
2025-02-04 11:13:09,30765649
2025-02-04 12:33:08,30769549
2025-02-04 13:21:10,30772524
2025-02-04 14:15:10,30776019
2025-02-04 15:17:10,30780748
2025-02-04 16:20:08,30785531
2025-02-04 17:14:08,30789613
2025-02-04 18:22:09,30794830
2025-02-04 19:12:10,30798811
2025-02-04 20:17:09,30803762
2025-02-04 21:15:13,30808250
2025-02-04 22:15:10,30812865
2025-02-04 23:15:08,30817512
2025-02-05 01:17:11,30825844
2025-02-05 02:45:09,30831955
2025-02-05 03:19:07,30835056
2025-02-05 04:19:08,30838959
2025-02-05 05:17:09,30841965
2025-02-05 06:23:08,30845037
2025-02-05 07:15:13,30847074
2025-02-05 08:19:09,30849419
2025-02-05 09:18:11,30851526
2025-02-05 10:17:10,30853899
2025-02-05 11:13:08,30856296
2025-02-05 12:33:08,30860511
2025-02-05 13:22:08,30863305
2025-02-05 14:15:09,30866950
2025-02-05 15:17:07,30871448
2025-02-05 16:20:10,30875980
2025-02-05 17:14:09,30879934
2025-02-05 18:22:11,30884894
2025-02-05 19:14:12,30888771
2025-02-05 20:18:10,30893555
2025-02-05 21:15:07,30897933
2025-02-05 22:15:07,30902564
2025-02-05 23:15:12,30906980
2025-02-06 01:17:12,30915427
2025-02-06 02:45:09,30921253
2025-02-06 03:19:07,30924544
2025-02-06 04:19:13,30928438
2025-02-06 05:17:07,30931465
2025-02-06 06:24:09,30934461
2025-02-06 07:15:11,30936448
2025-02-06 08:21:08,30938949
2025-02-06 09:17:08,30940937
2025-02-06 10:17:08,30943173
2025-02-06 11:13:09,30945289
2025-02-06 12:34:11,30948804
2025-02-06 13:22:08,30951240
2025-02-06 14:15:08,30954245
2025-02-06 15:17:09,30958187
2025-02-06 16:19:09,30962492
2025-02-06 17:14:09,30966371
2025-02-06 18:23:09,30971394
2025-02-06 19:13:10,30974996
2025-02-06 20:17:10,30979478
2025-02-06 21:15:08,30983740
2025-02-06 22:15:13,30988339
2025-02-06 23:17:08,30992652
2025-02-07 01:18:08,31000181
2025-02-07 02:47:09,31005195
2025-02-07 03:20:09,31008369
2025-02-07 04:19:09,31011823
2025-02-07 05:16:10,31014542
2025-02-07 06:24:10,31017485
2025-02-07 07:14:10,31019266
2025-02-07 08:21:09,31021597
2025-02-07 09:16:10,31023559
2025-02-07 10:17:08,31025796
2025-02-07 11:13:08,31027685
2025-02-07 12:32:10,31030870
2025-02-07 13:21:08,31033356
2025-02-07 14:15:08,31036281
2025-02-07 15:17:08,31040483
2025-02-07 16:20:08,31044619
2025-02-07 17:14:09,31048101
2025-02-07 18:22:11,31052444
2025-02-07 19:12:09,31058789
2025-02-07 20:17:09,31069385
2025-02-07 21:14:09,31078832
2025-02-07 22:15:07,31088999
2025-02-07 23:15:08,31098923
2025-02-08 01:15:12,31107090
2025-02-08 02:40:07,31111796
2025-02-08 03:18:09,31113786
2025-02-08 04:18:09,31116720
2025-02-08 05:14:09,31119327
2025-02-08 06:21:12,31122375
2025-02-08 07:13:08,31124464
2025-02-08 08:19:09,31127313
2025-02-08 09:14:11,31129713
2025-02-08 10:15:11,31132199
2025-02-08 11:11:10,31134401
2025-02-08 12:29:07,31137555
2025-02-08 13:17:09,31139855
2025-02-08 14:13:09,31142880
2025-02-08 15:14:11,31146396
2025-02-08 16:18:10,31150847
2025-02-08 17:13:07,31154627
2025-02-08 18:20:07,31158901
2025-02-08 19:13:08,31162209
2025-02-08 20:15:10,31165924
2025-02-08 21:14:10,31169439
2025-02-08 22:13:08,31172874
2025-02-08 23:16:10,31176529
2025-02-09 01:21:07,31182971
2025-02-09 02:48:09,31187154
2025-02-09 03:20:11,31188565
2025-02-09 04:18:07,31191153
2025-02-09 05:15:09,31193468
2025-02-09 06:21:14,31196059
2025-02-09 07:14:09,31198094
2025-02-09 08:18:09,31200563
2025-02-09 09:14:11,31202808
2025-02-09 10:16:10,31205338
2025-02-09 11:11:08,31207582
2025-02-09 12:29:08,31210881
2025-02-09 13:17:08,31213119
2025-02-09 14:13:08,31215972
2025-02-09 15:16:11,31219630
2025-02-09 16:17:07,31223464
2025-02-09 17:12:08,31226902
2025-02-09 18:20:12,31231313
2025-02-09 19:12:10,31234561
2025-02-09 20:15:08,31238394
2025-02-09 21:14:08,31242034
2025-02-09 22:15:10,31245409
2025-02-09 23:16:09,31248655
2025-02-10 01:19:07,31255546
2025-02-10 02:47:10,31260907
2025-02-10 03:21:09,31262763
2025-02-10 04:20:09,31265813
2025-02-10 05:17:07,31268509
2025-02-10 06:24:10,31271368
2025-02-10 07:15:14,31273419
2025-02-10 08:22:08,31275757
2025-02-10 09:18:11,31277502
2025-02-10 10:18:11,31279354
2025-02-10 11:13:09,31281385
2025-02-10 12:33:09,31284496
2025-02-10 13:22:10,31286706
2025-02-10 14:15:13,31289152
2025-02-10 15:18:09,31292621
2025-02-10 16:21:12,31296119
2025-02-10 17:13:08,31299285
2025-02-10 18:23:08,31303720
2025-02-10 19:12:07,31306697
2025-02-10 20:17:10,31310613
2025-02-10 21:15:13,31314543
2025-02-10 22:15:10,31318045
2025-02-10 23:16:08,31321169
2025-02-11 01:17:08,31326895
2025-02-11 02:47:10,31331320
2025-02-11 03:20:11,31335274
2025-02-11 04:19:12,31338483
2025-02-11 05:16:08,31340906
2025-02-11 06:23:08,31343633
2025-02-11 07:15:32,31345527
2025-02-11 08:21:13,31347825
2025-02-11 09:17:08,31349547
2025-02-11 10:18:11,31351678
2025-02-11 11:14:10,31353787
2025-02-11 12:33:08,31356913
2025-02-11 13:23:09,31359192
2025-02-11 14:16:07,31361743
2025-02-11 15:18:08,31364921
2025-02-11 16:22:09,31368470
2025-02-11 17:15:13,31372253
2025-02-11 18:21:11,31376156
2025-02-11 19:12:10,31379267
2025-02-11 20:17:08,31382985
2025-02-11 21:15:08,31386709
2025-02-11 22:15:10,31390287
2025-02-11 23:16:08,31393752
2025-02-12 01:17:08,31399724
2025-02-12 02:45:11,31403852
2025-02-12 03:19:17,31407267
2025-02-12 04:19:12,31410587
2025-02-12 05:16:12,31412953
2025-02-12 06:24:13,31415657
2025-02-12 07:14:12,31417318
2025-02-12 08:21:12,31419553
2025-02-12 09:17:12,31421509
2025-02-12 10:17:11,31423644
2025-02-12 11:13:12,31425731
2025-02-12 12:33:15,31428879
2025-02-12 13:22:13,31431054
2025-02-12 14:15:15,31433539
2025-02-12 15:18:13,31437104
2025-02-12 16:21:12,31440799
2025-02-12 17:15:15,31443919
2025-02-12 18:23:12,31447796
2025-02-12 19:13:12,31450662
2025-02-12 20:17:16,31454126
2025-02-12 21:15:14,31457327
2025-02-12 22:15:14,31460465
2025-02-12 23:14:12,31463506
2025-02-13 01:18:12,31469340
2025-02-13 02:46:18,31473463
2025-02-13 03:20:14,31474909
2025-02-13 04:19:18,31477270
2025-02-13 05:15:11,31479234
2025-02-13 06:23:12,31481540
2025-02-13 07:15:12,31483180
2025-02-13 08:21:18,31485164
2025-02-13 09:17:15,31486950
2025-02-13 10:17:13,31488890
2025-02-13 11:13:13,31490830
2025-02-13 12:33:12,31493712
2025-02-13 13:22:11,31495698
2025-02-13 14:16:12,31498122
2025-02-13 15:18:12,31501039
2025-02-13 16:21:19,31504244
2025-02-13 17:12:12,31506876
2025-02-13 18:23:13,31510426
2025-02-13 19:13:13,31512859
2025-02-13 20:17:15,31516088
2025-02-13 21:15:13,31519001
2025-02-13 22:15:15,31521984
2025-02-13 23:16:12,31524818
2025-02-14 01:18:13,31529821
2025-02-14 02:46:16,31533201
2025-02-14 03:19:14,31535384
2025-02-14 04:19:13,31537944
2025-02-14 05:15:11,31539966
2025-02-14 06:23:18,31542127
2025-02-14 07:15:11,31543596
2025-02-14 08:21:15,31545385
2025-02-14 09:17:12,31546905
2025-02-14 10:17:12,31548500
2025-02-14 11:13:15,31550098
2025-02-14 12:33:17,31552954
2025-02-14 13:22:13,31554609
2025-02-14 14:15:12,31556600
2025-02-14 15:17:12,31559242
2025-02-14 16:19:15,31561997
2025-02-14 17:13:12,31564476
2025-02-14 18:22:12,31567609
2025-02-14 19:13:13,31569812
2025-02-14 20:17:18,31572642
2025-02-14 21:15:12,31575201
2025-02-14 22:14:11,31577773
2025-02-14 23:15:13,31580334
2025-02-15 01:17:14,31584821
2025-02-15 02:44:12,31587819
2025-02-15 03:19:18,31588974
2025-02-15 04:20:16,31590745
2025-02-15 05:15:13,31592255
2025-02-15 06:22:12,31593887
2025-02-15 07:13:15,31595107
2025-02-15 08:19:16,31596796
2025-02-15 09:16:12,31598309
2025-02-15 10:15:14,31599835
2025-02-15 11:11:19,31601355
2025-02-15 12:30:11,31603734
2025-02-15 13:16:12,31605340
2025-02-15 14:13:13,31607660
2025-02-15 15:15:13,31610572
2025-02-15 16:18:12,31613832
2025-02-15 17:13:14,31616881
2025-02-15 18:19:13,31620987
2025-02-15 19:12:11,31624250
2025-02-15 20:15:13,31627980
2025-02-15 21:14:11,31631563
2025-02-15 22:15:13,31635217
2025-02-15 23:14:12,31638376
2025-02-16 01:24:12,31644603
2025-02-16 02:51:14,31648238
2025-02-16 03:22:13,31649446
2025-02-16 04:19:15,31651610
2025-02-16 05:15:12,31653547
2025-02-16 06:21:13,31655856
2025-02-16 07:16:18,31658035
2025-02-16 08:18:16,31660552
2025-02-16 09:14:14,31662963
2025-02-16 10:15:13,31665584
2025-02-16 11:12:22,31667932
2025-02-16 12:32:12,31671683
2025-02-16 13:18:12,31674114
2025-02-16 14:14:12,31677224
2025-02-16 15:15:13,31680801
2025-02-16 16:18:11,31684611
2025-02-16 17:13:18,31688064
2025-02-16 18:21:14,31692391
2025-02-16 19:12:14,31695400
2025-02-16 20:16:14,31699180
2025-02-16 21:14:12,31702540
2025-02-16 22:14:12,31705976
2025-02-16 23:15:12,31709227
2025-02-17 01:20:13,31715148
2025-02-17 02:50:12,31718988
2025-02-17 03:22:14,31720152
2025-02-17 04:20:12,31722092
2025-02-17 05:18:12,31723758
2025-02-17 06:25:14,31725681
2025-02-17 07:16:11,31727028
2025-02-17 08:23:20,31728780
2025-02-17 09:19:14,31730326
2025-02-17 10:18:11,31731873
2025-02-17 11:14:14,31733637
2025-02-17 12:34:14,31736538
2025-02-17 13:23:14,31738357
2025-02-17 14:16:11,31740523
2025-02-17 15:18:11,31743350
2025-02-17 16:20:13,31746414
2025-02-17 17:14:12,31749168
2025-02-17 18:22:11,31752544
2025-02-17 19:13:21,31755224
2025-02-17 20:17:12,31758351
2025-02-17 21:15:13,31761328
2025-02-17 22:14:22,31764513
2025-02-17 23:15:14,31767691
2025-02-18 01:18:11,31773043
2025-02-18 02:45:13,31776971
2025-02-18 03:19:18,31778425
2025-02-18 04:19:12,31780846
2025-02-18 05:17:13,31782780
2025-02-18 06:23:11,31784878
2025-02-18 07:15:13,31786564
2025-02-18 08:21:11,31788534
2025-02-18 09:17:16,31790194
2025-02-18 10:17:13,31792069
2025-02-18 11:13:16,31793876
2025-02-18 12:32:14,31796554
2025-02-18 13:22:15,31798447
2025-02-18 14:16:12,31800623
2025-02-18 15:18:19,31803364
2025-02-18 16:21:11,31806347
2025-02-18 17:14:19,31808870
2025-02-18 18:24:14,31812099
2025-02-18 19:13:16,31814583
2025-02-18 20:17:17,31817545
2025-02-18 21:15:16,31820463
2025-02-18 22:15:12,31823458
2025-02-18 23:15:13,31826272
2025-02-19 01:18:13,31831480
2025-02-19 02:47:15,31835016
2025-02-19 03:22:12,31836533
2025-02-19 04:20:12,31838647
2025-02-19 05:16:15,31840326
2025-02-19 06:24:15,31842262
2025-02-19 07:16:15,31843569
2025-02-19 08:22:17,31845233
2025-02-19 09:17:14,31846815
2025-02-19 10:17:15,31848685
2025-02-19 11:13:14,31850294
2025-02-19 12:31:11,31852795
2025-02-19 13:22:11,31854671
2025-02-19 14:15:11,31856753
2025-02-19 15:18:12,31859359
2025-02-19 16:20:13,31862178
2025-02-19 17:14:14,31864850
2025-02-19 18:21:13,31868124
2025-02-19 19:13:14,31870668
2025-02-19 20:18:12,31873716
2025-02-19 21:15:15,31876364
2025-02-19 22:15:13,31879085
2025-02-19 23:15:14,31881801
2025-02-20 01:18:14,31886643
2025-02-20 02:48:17,31890125
2025-02-20 03:20:14,31893537
2025-02-20 04:19:12,31896412
2025-02-20 05:16:17,31898694
2025-02-20 06:23:16,31901302
2025-02-20 07:15:11,31902944
2025-02-20 08:22:17,31904846
2025-02-20 09:17:13,31906436
2025-02-20 10:18:14,31908244
2025-02-20 11:13:13,31909869
2025-02-20 12:34:17,31912581
2025-02-20 13:23:12,31914432
2025-02-20 14:16:12,31916641
2025-02-20 15:18:15,31919518
2025-02-20 16:22:13,31922674
2025-02-20 17:14:13,31925231
2025-02-20 18:23:12,31928653
2025-02-20 19:13:15,31931197
2025-02-20 20:18:14,31934329
2025-02-20 21:14:15,31937025
2025-02-20 22:15:13,31939953
2025-02-20 23:16:12,31942705
2025-02-21 01:18:17,31948955
2025-02-21 02:48:17,31952597
2025-02-21 03:21:13,31953851
2025-02-21 04:21:16,31955943
2025-02-21 05:16:16,31957657
2025-02-21 06:23:12,31959552
2025-02-21 07:15:15,31960952
2025-02-21 08:21:16,31962679
2025-02-21 09:17:12,31964206
2025-02-21 10:17:13,31965866
2025-02-21 11:14:13,31967471
2025-02-21 12:33:27,31970153
2025-02-21 13:21:15,31972026
2025-02-21 14:14:14,31974431
2025-02-21 15:17:11,31977518
2025-02-21 16:20:12,31980650
2025-02-21 17:14:13,31983319
2025-02-21 18:22:14,31986396
2025-02-21 19:12:12,31988743
2025-02-21 20:17:13,31991803
2025-02-21 21:13:12,31994278
2025-02-21 22:15:14,31997154
2025-02-21 23:17:13,31999817
2025-02-22 01:16:16,32004626
2025-02-22 02:42:16,32007868
2025-02-22 03:18:12,32009688
2025-02-22 04:19:12,32011885
2025-02-22 05:15:18,32013703
2025-02-22 06:24:11,32015672
2025-02-22 07:13:16,32016941
2025-02-22 08:19:13,32018778
2025-02-22 09:15:16,32020291
2025-02-22 10:16:18,32021927
2025-02-22 11:11:16,32023353
2025-02-22 12:29:15,32025617
2025-02-22 13:17:13,32027304
2025-02-22 14:13:14,32029473
2025-02-22 15:14:14,32032129
2025-02-22 16:18:12,32035044
2025-02-22 17:13:11,32037939
2025-02-22 18:20:12,32041251
2025-02-22 19:12:16,32044030
2025-02-22 20:15:17,32047258
2025-02-22 21:14:11,32050233
2025-02-22 22:13:15,32053281
2025-02-22 23:14:16,32056096
2025-02-23 01:23:15,32061975
2025-02-23 02:51:14,32065540
2025-02-23 03:22:13,32066788
2025-02-23 04:19:12,32068889
2025-02-23 05:15:13,32070772
2025-02-23 06:21:12,32072763
2025-02-23 07:14:17,32074279
2025-02-23 08:20:12,32076160
2025-02-23 09:15:18,32077808
2025-02-23 10:16:19,32079489
2025-02-23 11:13:13,32081190
2025-02-23 12:30:11,32083881
2025-02-23 13:17:15,32085706
2025-02-23 14:15:20,32088343
2025-02-23 15:15:12,32091339
2025-02-23 16:18:20,32094766
2025-02-23 17:13:12,32097656
2025-02-23 18:20:12,32103809
2025-02-23 19:12:17,32107685
2025-02-23 20:16:14,32112127
2025-02-23 21:14:12,32115956
2025-02-23 22:14:14,32120057
2025-02-23 23:14:17,32124054
2025-02-24 01:20:12,32131624
2025-02-24 02:52:14,32136463
2025-02-24 03:24:16,32138038
2025-02-24 04:20:13,32140835
2025-02-24 05:16:14,32143242
2025-02-24 06:25:16,32145718
2025-02-24 07:16:12,32147652
2025-02-24 08:23:12,32149733
2025-02-24 09:18:12,32151366
2025-02-24 10:18:16,32153345
2025-02-24 11:14:15,32155250
2025-02-24 12:34:14,32158264
2025-02-24 13:24:14,32160425
2025-02-24 14:16:13,32162962
2025-02-24 15:19:15,32166314
2025-02-24 16:22:17,32169849
2025-02-24 17:13:12,32172873
2025-02-24 18:24:13,32176794
2025-02-24 19:13:11,32179491
2025-02-24 20:18:18,32183136
2025-02-24 21:14:11,32186268
2025-02-24 22:16:13,32189652
2025-02-24 23:16:12,32192703
2025-02-25 01:20:12,32199310
2025-02-25 02:51:13,32203964
2025-02-25 03:24:14,32205531
2025-02-25 04:20:12,32207991
2025-02-25 05:16:13,32210116
2025-02-25 06:24:13,32212257
2025-02-25 07:16:12,32213855
2025-02-25 08:22:15,32215688
2025-02-25 09:18:14,32217236
2025-02-25 10:18:13,32218938
2025-02-25 11:13:13,32220598
2025-02-25 12:34:13,32223554
2025-02-25 13:24:13,32225648
2025-02-25 14:16:11,32228070
2025-02-25 15:19:15,32231400
2025-02-25 16:22:15,32234798
2025-02-25 17:17:17,32237799
2025-02-25 18:24:19,32241130
2025-02-25 19:13:16,32243701
2025-02-25 20:18:14,32247282
2025-02-25 21:15:16,32250397
2025-02-25 22:16:16,32253519
2025-02-25 23:15:14,32256322
2025-02-26 01:19:12,32261795
2025-02-26 02:50:13,32265819
2025-02-26 03:23:15,32269703
2025-02-26 04:20:11,32272727
2025-02-26 05:16:13,32274984
2025-02-26 06:24:12,32277535
2025-02-26 07:16:14,32279306
2025-02-26 08:22:16,32281409
2025-02-26 09:18:18,32283091
2025-02-26 10:18:12,32285071
2025-02-26 11:14:18,32286840
2025-02-26 12:34:18,32289644
2025-02-26 13:23:11,32291689
2025-02-26 14:16:14,32294201
2025-02-26 15:19:11,32297230
2025-02-26 16:22:17,32300463
2025-02-26 17:14:13,32303031
2025-02-26 18:24:15,32306707
2025-02-26 19:13:12,32309081
2025-02-26 20:18:11,32312333
2025-02-26 21:15:11,32315039
2025-02-26 22:16:13,32317854
2025-02-26 23:17:13,32320580
2025-02-27 01:20:11,32325483
2025-02-27 02:51:13,32329135
2025-02-27 03:24:18,32330346
2025-02-27 04:20:12,32332247
2025-02-27 05:17:12,32333880
2025-02-27 06:24:17,32335655
2025-02-27 07:16:22,32336945
2025-02-27 08:21:11,32338519
2025-02-27 09:18:13,32339887
2025-02-27 10:18:13,32341473
2025-02-27 11:13:15,32343012
2025-02-27 12:34:12,32345460
2025-02-27 13:24:11,32347176
2025-02-27 14:16:14,32349407
2025-02-27 15:19:12,32352284
2025-02-27 16:22:11,32355181
2025-02-27 17:15:12,32357590
2025-02-27 18:24:12,32360748
2025-02-27 19:13:16,32362958
2025-02-27 20:18:18,32365845
2025-02-27 21:15:16,32368365
2025-02-27 22:16:16,32371103
2025-02-27 23:16:17,32373809
2025-02-28 01:20:14,32378729
2025-02-28 02:52:17,32382034
2025-02-28 03:24:12,32383079
2025-02-28 04:20:12,32384865
2025-02-28 05:18:17,32386638
2025-02-28 06:24:19,32388993
2025-02-28 07:16:12,32390594
2025-02-28 08:21:17,32392405
2025-02-28 09:18:16,32393863
2025-02-28 10:18:12,32395439
2025-02-28 11:13:15,32397026
2025-02-28 12:33:12,32399688
2025-02-28 13:23:16,32401619
2025-02-28 14:14:13,32403827
2025-02-28 15:18:12,32406769
2025-02-28 16:22:12,32409719
2025-02-28 17:14:12,32412217
2025-02-28 18:24:14,32415620
2025-02-28 19:14:12,32418366
2025-02-28 20:18:12,32422268
2025-02-28 21:15:16,32425745
2025-02-28 22:15:14,32429124
2025-02-28 23:15:20,32432425
2025-03-01 01:25:15,32438591
2025-03-01 02:55:11,32442074
2025-03-01 03:29:13,32444070
2025-03-01 04:19:16,32446054
2025-03-01 05:15:13,32447947
2025-03-01 06:23:15,32449968
2025-03-01 07:14:28,32451423
2025-03-01 08:19:14,32453387
2025-03-01 09:15:17,32455029
2025-03-01 10:16:15,32456901
2025-03-01 11:12:14,32458643
2025-03-01 12:31:19,32461409
2025-03-01 13:18:16,32463327
2025-03-01 14:14:13,32465792
2025-03-01 15:16:15,32468691
2025-03-01 16:18:17,32471881
2025-03-01 17:13:12,32474828
2025-03-01 18:21:14,32478283
2025-03-01 19:12:13,32480787
2025-03-01 20:16:12,32484050
2025-03-01 21:14:13,32486899
2025-03-01 22:14:15,32489941
2025-03-01 23:16:12,32492995
2025-03-02 01:24:16,32498847
2025-03-02 02:54:11,32502686
2025-03-02 03:25:12,32503914
2025-03-02 04:19:15,32505857
2025-03-02 05:16:13,32507635
2025-03-02 06:23:16,32509556
2025-03-02 07:14:19,32510972
2025-03-02 08:19:34,32512859
2025-03-02 09:17:14,32514627
2025-03-02 10:17:13,32516379
2025-03-02 11:12:12,32518373
2025-03-02 12:30:16,32521402
2025-03-02 13:18:13,32523402
2025-03-02 14:15:12,32525998
2025-03-02 15:16:14,32528906
2025-03-02 16:20:11,32532227
2025-03-02 17:13:12,32534983
2025-03-02 18:22:13,32538761
2025-03-02 19:12:12,32541267
2025-03-02 20:16:15,32544665
2025-03-02 21:15:17,32547705
2025-03-02 22:15:12,32550682
2025-03-02 23:15:13,32553350
2025-03-03 01:22:17,32558238
2025-03-03 02:53:14,32561566
2025-03-03 03:26:15,32562705
2025-03-03 04:21:11,32564467
2025-03-03 05:17:11,32566105
2025-03-03 06:25:11,32567920
2025-03-03 07:17:34,32569344
2025-03-03 08:24:18,32571238
2025-03-03 09:19:13,32572871
2025-03-03 10:19:16,32574730
2025-03-03 11:14:17,32576535
2025-03-03 12:35:11,32579152
2025-03-03 13:24:12,32581015
2025-03-03 14:17:16,32583219
2025-03-03 15:18:14,32585999
2025-03-03 16:20:13,32589081
2025-03-03 17:15:12,32591835
2025-03-03 18:23:17,32595068
2025-03-03 19:13:16,32597368
2025-03-03 20:18:18,32600446
2025-03-03 21:17:12,32603310
2025-03-03 22:16:17,32605964
2025-03-03 23:16:12,32608535
2025-03-04 01:21:17,32613115
2025-03-04 02:53:17,32616364
2025-03-04 03:26:15,32617799
2025-03-04 04:20:12,32619590
2025-03-04 05:16:14,32621274
2025-03-04 06:24:18,32623201
2025-03-04 07:17:16,32624672
2025-03-04 08:21:12,32626259
2025-03-04 09:18:15,32627643
2025-03-04 10:19:15,32629291
2025-03-04 11:14:11,32630904
2025-03-04 12:35:12,32633667
2025-03-04 13:24:12,32635446
2025-03-04 14:16:14,32637341
2025-03-04 15:18:15,32639902
2025-03-04 16:22:13,32642639
2025-03-04 17:15:11,32645117
2025-03-04 18:24:11,32648241
2025-03-04 19:13:15,32650465
2025-03-04 20:18:19,32653536
2025-03-04 21:16:19,32656299
2025-03-04 22:15:12,32658976
2025-03-04 23:16:15,32661773
2025-03-05 01:21:18,32667482
2025-03-05 02:52:17,32672508
2025-03-05 03:25:14,32674381
2025-03-05 04:20:12,32676705
2025-03-05 05:16:11,32678562
2025-03-05 06:25:15,32680631
2025-03-05 07:16:13,32682076
2025-03-05 08:22:16,32683752
2025-03-05 09:18:16,32685174
2025-03-05 10:18:18,32686779
2025-03-05 11:14:17,32688356
2025-03-05 12:35:14,32690787
2025-03-05 13:24:14,32692548
2025-03-05 14:16:11,32694512
2025-03-05 15:19:11,32697245
2025-03-05 16:28:13,32700525
2025-03-05 17:15:13,32702774
2025-03-05 18:25:12,32705965
2025-03-05 19:13:16,32707981
2025-03-05 20:19:13,32710813
2025-03-05 21:15:15,32713160
2025-03-05 22:16:16,32715727
2025-03-05 23:16:15,32718101
2025-03-06 01:21:12,32722287
2025-03-06 02:53:16,32725148
2025-03-06 03:26:12,32726133
2025-03-06 04:20:11,32727745
2025-03-06 05:16:17,32729235
2025-03-06 06:24:12,32730965
2025-03-06 07:18:13,32732248
2025-03-06 08:22:17,32733732
2025-03-06 09:18:14,32734995
2025-03-06 10:18:11,32736598
2025-03-06 11:13:12,32738033
2025-03-06 12:35:12,32740435
2025-03-06 13:24:15,32742017
2025-03-06 14:16:15,32743958
2025-03-06 15:18:18,32746569
2025-03-06 16:21:12,32749431
2025-03-06 17:15:14,32751609
2025-03-06 18:24:18,32754279
2025-03-06 19:13:11,32756256
2025-03-06 20:18:17,32759082
2025-03-06 21:16:12,32761514
2025-03-06 22:15:13,32763813
2025-03-06 23:16:13,32766004
2025-03-07 01:21:13,32770047
2025-03-07 02:54:15,32772784
2025-03-07 03:26:12,32773623
2025-03-07 04:21:12,32775049
2025-03-07 05:17:14,32776333
2025-03-07 06:24:13,32777869
2025-03-07 07:15:12,32778979
2025-03-07 08:22:14,32780400
2025-03-07 09:18:12,32781628
2025-03-07 10:18:11,32782997
2025-03-07 11:13:15,32784371
2025-03-07 12:34:17,32786856
2025-03-07 13:23:17,32788307
2025-03-07 14:16:17,32790253
2025-03-07 15:18:14,32792564
2025-03-07 16:21:14,32795059
2025-03-07 17:14:13,32797170
2025-03-07 18:23:12,32799806
2025-03-07 19:13:14,32801527
2025-03-07 20:18:12,32803884
2025-03-07 21:13:13,32805968
2025-03-07 22:13:12,32808058
2025-03-07 23:13:12,32810149
2025-03-08 01:05:11,32813647
2025-03-08 02:27:14,32815847
2025-03-08 03:16:13,32817120
2025-03-08 04:16:13,32818626
2025-03-08 05:12:17,32819918
2025-03-08 06:18:13,32821404
2025-03-08 07:13:23,32822664
2025-03-08 08:16:14,32824056
2025-03-08 09:14:13,32825331
2025-03-08 10:14:17,32826707
2025-03-08 11:11:14,32828045
2025-03-08 12:25:14,32829836
2025-03-08 13:15:12,32831283
2025-03-08 14:11:16,32832865
2025-03-08 15:13:14,32834872
2025-03-08 16:16:13,32837097
2025-03-08 18:09:16,32841225
2025-03-08 18:18:12,32841522
2025-03-08 19:11:14,32843339
2025-03-08 20:13:11,32845435
2025-03-08 21:13:16,32847321
2025-03-08 22:12:13,32849177
2025-03-08 23:14:12,32851121
2025-03-09 01:11:16,32854645
2025-03-09 02:31:16,32856827
2025-03-09 03:16:16,32857893
2025-03-09 04:16:11,32859264
2025-03-09 05:13:12,32860542
2025-03-09 06:19:16,32861939
2025-03-09 07:12:12,32863078
2025-03-09 08:17:11,32864573
2025-03-09 09:13:16,32865891
2025-03-09 10:17:14,32867397
2025-03-09 11:11:13,32868635
2025-03-09 12:25:13,32870323
2025-03-09 13:15:15,32871688
2025-03-09 14:12:11,32873426
2025-03-09 15:15:11,32875492
2025-03-09 16:16:11,32877573
2025-03-09 17:11:17,32879557
2025-03-09 18:17:12,32882197
2025-03-09 19:10:12,32884223
2025-03-09 20:16:16,32886615
2025-03-09 21:13:16,32888664
2025-03-09 22:13:16,32890950
2025-03-09 23:13:11,32893046
2025-03-10 01:08:14,32896734
2025-03-10 02:32:14,32899198
2025-03-10 03:17:13,32900499
2025-03-10 04:17:12,32902051
2025-03-10 05:14:14,32903409
2025-03-10 06:20:12,32904943
2025-03-10 07:15:11,32906124
2025-03-10 08:18:17,32907505
2025-03-10 09:15:11,32908754
2025-03-10 10:16:15,32910833
2025-03-10 11:12:16,32912418
2025-03-10 12:35:11,32914850
2025-03-10 13:25:11,32916452
2025-03-10 14:17:16,32919065
2025-03-10 15:19:15,32922463
2025-03-10 16:20:13,32930241
2025-03-10 17:16:13,32937274
2025-03-10 18:22:13,32942273
2025-03-10 19:14:11,32945196
2025-03-10 20:19:12,32948258
2025-03-10 21:15:12,32950987
2025-03-10 22:16:16,32953983
2025-03-10 23:16:12,32956818
2025-03-11 01:22:12,32962230
2025-03-11 02:54:13,32966243
2025-03-11 03:27:16,32968143
2025-03-11 04:21:15,32970163
2025-03-11 05:16:15,32971938
2025-03-11 06:25:18,32974002
2025-03-11 07:16:15,32975413
2025-03-11 08:22:11,32977277
2025-03-11 09:19:16,32979328
2025-03-11 10:19:13,32981984
2025-03-11 11:14:13,32984560
2025-03-11 12:35:13,32988676
2025-03-11 13:26:19,32991589
2025-03-11 14:17:13,32994801
2025-03-11 15:20:13,32998210
2025-03-11 16:23:23,33001385
2025-03-11 17:16:11,33003894
2025-03-11 18:25:13,33007086
2025-03-11 19:14:17,33009248
2025-03-11 20:18:18,33012545
2025-03-11 21:13:13,33015263
2025-03-11 22:16:13,33018221
2025-03-11 23:15:11,33020714
2025-03-12 01:20:11,33026003
2025-03-12 02:53:15,33031818
2025-03-12 03:26:15,33033095
2025-03-12 04:21:15,33034906
2025-03-12 05:17:13,33036746
2025-03-12 06:25:19,33038682
2025-03-12 07:16:14,33040223
2025-03-12 08:23:16,33042266
2025-03-12 09:18:13,33043817
2025-03-12 10:18:14,33045553
2025-03-12 11:14:14,33047373
2025-03-12 12:35:14,33050483
2025-03-12 13:25:15,33052414
2025-03-12 14:17:12,33054463
2025-03-12 15:19:12,33057047
2025-03-12 16:22:11,33059681
2025-03-12 17:15:13,33061865
2025-03-12 18:25:12,33064657
2025-03-12 19:14:12,33066696
2025-03-12 20:19:13,33069348
2025-03-12 21:16:17,33071606
2025-03-12 22:16:11,33073954
2025-03-12 23:16:17,33076246
2025-03-13 01:22:11,33080710
2025-03-13 02:55:11,33083770
2025-03-13 03:28:27,33084699
2025-03-13 04:21:12,33086085
2025-03-13 05:16:16,33087399
2025-03-13 06:24:16,33088947
2025-03-13 07:16:31,33090069
2025-03-13 08:22:12,33091426
2025-03-13 09:18:12,33092710
2025-03-13 10:18:13,33094168
2025-03-13 11:14:18,33095651
2025-03-13 12:36:12,33098197
2025-03-13 13:25:14,33099925
2025-03-13 14:16:15,33101785
2025-03-13 15:20:12,33104105
2025-03-13 16:23:13,33106466
2025-03-13 17:14:18,33108495
2025-03-13 18:24:13,33111090
2025-03-13 19:13:12,33113213
2025-03-13 20:19:16,33115998
2025-03-13 21:16:18,33118291
2025-03-13 22:15:15,33120460
2025-03-13 23:16:14,33123037
2025-03-14 00:14:24,33124293
2025-03-14 00:14:24,33124293
2025-03-14 00:14:24,33124293
2025-03-14 00:14:24,33124293
2025-03-14 00:14:24,33124293
2025-03-14 00:14:24,33124293
2025-03-14 00:14:24,33124293
2025-03-14 00:14:24,33124293
2025-03-14 00:14:24,33124293
2025-03-14 00:14:24,33124293
2025-03-14 00:14:24,33124293
2025-03-14 00:14:24,33124293
2025-03-14 00:14:24,33124293
2025-03-14 00:14:24,33124293
2025-03-14 00:14:24,33124293
2025-03-14 00:14:24,33124293
2025-03-14 00:14:24,33124293
2025-03-14 00:14:24,33124293
2025-03-14 00:14:24,33124293
2025-03-14 00:14:24,33124293
2025-03-14 00:14:24,33124293
2025-03-14 00:14:24,33124293
2025-03-14 00:14:24,33124293
2025-03-14 00:14:24,33124293
2025-03-14 00:14:24,33124293
2025-03-14 00:14:24,33124293
2025-03-14 00:14:24,33124293
2025-03-14 00:14:24,33124293
2025-03-14 00:14:24,33124293
2025-03-14 00:14:24,33124293
2025-03-14 00:14:24,33124293
2025-03-14 00:14:24,33124293
2025-03-14 00:14:24,33124293
2025-03-14 00:14:24,33124293
2025-03-14 00:14:24,33124293
2025-03-14 00:14:24,33124293
2025-03-14 00:14:24,33124293
2025-03-14 00:14:24,33124293
2025-03-14 00:14:24,33124293
2025-03-14 00:14:24,33124293
2025-03-14 00:14:24,33124293
2025-03-14 00:14:24,33124293
2025-03-14 00:14:24,33124293
2025-03-14 00:14:24,33124293
2025-03-14 00:14:24,33124293
2025-03-14 00:14:24,33124293
2025-03-14 00:14:24,33124293
2025-03-14 00:14:24,33124293
2025-03-14 00:14:24,33124293
2025-03-14 00:14:24,33124293
2025-03-14 00:14:24,33124293
2025-03-14 00:14:24,33124293
2025-03-14 00:14:24,33124293
2025-03-14 00:14:24,33124293
2025-03-14 00:14:24,33124293
2025-03-14 00:14:24,33124293
2025-03-14 00:14:24,33124293
2025-03-14 00:14:24,33124293
2025-03-14 00:14:24,33124293
2025-03-14 00:14:24,33124293
2025-03-14 00:14:24,33124293
2025-03-14 00:14:24,33124293
2025-03-14 00:14:24,33124293
2025-03-14 00:14:24,33124293
2025-03-14 00:14:24,33124293
2025-03-14 00:14:24,33124293
2025-03-14 00:14:24,33124293
2025-03-14 00:14:24,33124293
2025-03-14 00:14:24,33124293
2025-03-14 00:14:24,33124293
2025-03-14 00:14:24,33124293
2025-03-14 00:14:24,33124293
2025-03-14 00:14:24,33124293
2025-03-14 00:14:24,33124293
2025-03-14 00:14:24,33124293
2025-03-14 00:14:24,33124293
2025-03-14 00:14:24,33124293
2025-03-14 00:14:24,33124293
2025-03-14 00:14:24,33124293
2025-03-14 00:14:24,33124293
2025-03-14 00:14:24,33124293
2025-03-14 00:14:24,33124293
2025-03-14 00:14:24,33124293
2025-03-14 00:14:24,33124293
2025-03-14 00:14:24,33124293
2025-03-14 00:14:24,33124293
2025-03-14 00:14:24,33124293
2025-03-14 00:14:24,33124293
2025-03-14 00:14:24,33124293
2025-03-14 00:14:24,33124293
2025-03-14 00:14:24,33124293
2025-03-14 00:14:24,33124293
2025-03-14 00:14:24,33124293
2025-03-14 00:14:24,33124293
2025-03-14 00:14:24,33124293
2025-03-14 00:14:24,33124293
2025-03-14 00:14:24,33124293
2025-03-14 00:14:24,33124293
2025-03-14 00:14:24,33124293
2025-03-14 00:14:24,33124293
2025-03-14 00:14:24,33124293
2025-03-14 00:14:24,33124293
2025-03-14 00:14:24,33124293
2025-03-14 00:14:24,33124293
2025-03-14 00:14:24,33124293
2025-03-14 00:14:24,33124293
2025-03-14 00:14:24,33124293
2025-03-14 00:14:24,33124293
2025-03-14 00:14:24,33124293
2025-03-14 00:14:24,33124293
2025-03-14 00:14:24,33124293
2025-03-14 00:14:24,33124293
2025-03-14 00:14:24,33124293
2025-03-14 00:14:24,33124293
2025-03-14 00:14:24,33124293
2025-03-14 00:14:24,33124293
2025-03-14 00:14:24,33124293
2025-03-14 00:14:24,33124293
2025-03-14 00:14:24,33124293
2025-03-14 00:14:24,33124293
2025-03-14 00:14:24,33124293
2025-03-14 00:14:24,33124293
2025-03-14 00:14:24,33124293
2025-03-14 00:14:24,33124293
2025-03-14 00:14:24,33124293
2025-03-14 00:14:24,33124293
2025-03-14 00:14:24,33124293
2025-03-14 00:14:24,33124293
2025-03-14 00:14:24,33124293
2025-03-14 00:14:24,33124293
2025-03-14 00:14:24,33124293
2025-03-14 00:14:24,33124293
2025-03-14 00:14:24,33124293
2025-03-14 00:14:24,33124293
2025-03-14 00:14:24,33124293
2025-03-14 00:14:24,33124293
2025-03-14 00:14:24,33124293
2025-03-14 00:14:24,33124293
2025-03-14 00:14:24,33124293
2025-03-14 00:14:24,33124293
2025-03-14 00:14:24,33124293
2025-03-14 00:14:24,33124293
2025-03-14 00:14:24,33124293
2025-03-14 00:14:24,33124293
2025-03-14 00:14:24,33124293
2025-03-14 00:14:24,33124293
2025-03-14 00:14:24,33124293
2025-03-14 00:14:24,33124293
2025-03-14 00:14:24,33124293
2025-03-14 00:14:24,33124293
2025-03-14 00:14:24,33124293
2025-03-14 00:14:24,33124293
2025-03-14 00:14:24,33124293
2025-03-14 00:14:24,33124293
2025-03-14 00:14:24,33124293
2025-03-14 00:14:24,33124293
2025-03-14 00:14:24,33124293
2025-03-14 00:14:24,33124293
2025-03-14 00:14:24,33124293
2025-03-14 00:14:24,33124293
2025-03-14 00:14:24,33124293
2025-03-14 00:14:24,33124293
2025-03-14 00:14:24,33124293
2025-03-14 00:14:24,33124293
2025-03-14 00:14:24,33124293
2025-03-14 00:14:24,33124293
2025-03-14 00:14:24,33124293
2025-03-14 00:14:24,33124293
2025-03-14 00:14:24,33124293
2025-03-14 00:14:24,33124293
2025-03-14 00:14:24,33124293
2025-03-14 00:14:24,33124293
2025-03-14 00:14:24,33124293
2025-03-14 00:14:24,33124293
2025-03-14 00:14:24,33124293
2025-03-14 00:14:24,33124293
2025-03-14 00:14:24,33124293
2025-03-14 00:14:24,33124293
2025-03-14 00:14:24,33124293
2025-03-14 00:14:24,33124293
2025-03-14 00:14:24,33124293
2025-03-14 00:14:24,33124293
2025-03-14 00:14:24,33124293
2025-03-14 00:14:24,33124293
2025-03-14 00:14:24,33124293
2025-03-14 00:14:24,33124293
2025-03-14 00:14:24,33124293
2025-03-14 00:14:24,33124293
2025-03-14 00:14:24,33124293
2025-03-14 00:14:24,33124293
2025-03-14 00:14:24,33124293
2025-03-14 00:14:24,33124293
2025-03-14 00:14:24,33124293
2025-03-14 00:14:24,33124293
2025-03-14 00:14:24,33124293
2025-03-14 00:14:24,33124293
2025-03-14 00:14:24,33124293
2025-03-14 00:14:24,33124293
2025-03-14 00:14:24,33124293
2025-03-14 00:14:24,33124293
2025-03-14 00:14:24,33124293
2025-03-14 00:14:24,33124293
2025-03-14 00:14:24,33124293
2025-03-14 00:14:24,33124293
2025-03-14 00:14:24,33124293
2025-03-14 00:14:24,33124293
2025-03-14 00:14:24,33124293
2025-03-14 00:14:24,33124293
2025-03-14 00:14:24,33124293
2025-03-14 00:14:24,33124293
2025-03-14 00:14:24,33124293
2025-03-14 00:14:24,33124293
2025-03-14 00:14:24,33124293
2025-03-14 00:14:24,33124293
2025-03-14 00:14:24,33124293
2025-03-14 00:14:24,33124293
2025-03-14 00:14:24,33124293
2025-03-14 00:14:24,33124293
2025-03-14 00:14:24,33124293
2025-03-14 00:14:24,33124293
2025-03-14 00:14:24,33124293
2025-03-14 00:14:24,33124293
2025-03-14 00:14:24,33124293
2025-03-14 00:14:24,33124293
2025-03-14 00:14:24,33124293
2025-03-14 00:14:24,33124293
2025-03-14 00:14:24,33124293
2025-03-14 00:14:24,33124293
2025-03-14 00:14:24,33124293
2025-03-14 00:14:24,33124293
2025-03-14 00:14:24,33124293
2025-03-14 00:14:24,33124293
2025-03-14 00:14:24,33124293
2025-03-14 00:14:24,33124293
2025-03-14 00:14:24,33124293
2025-03-14 00:14:24,33124293
2025-03-14 00:14:24,33124293
2025-03-14 00:14:24,33124293
2025-03-14 00:14:24,33124293
2025-03-14 00:14:24,33124293
2025-03-14 00:14:24,33124293
2025-03-14 00:14:24,33124293
2025-03-14 00:14:24,33124293
2025-03-14 00:14:24,33124293
2025-03-14 00:14:24,33124293
2025-03-14 00:14:24,33124293
2025-03-14 00:14:24,33124293
2025-03-14 00:14:24,33124293
2025-03-14 00:14:24,33124293
2025-03-14 00:14:24,33124293
2025-03-14 00:14:24,33124293
2025-03-25 01:24:10,33575439
2025-03-25 02:57:08,33578678
2025-03-25 03:34:21,33579614
2025-03-25 04:21:07,33580685
2025-03-25 05:18:10,33581875
2025-03-25 06:26:10,33583202
2025-03-25 07:19:15,33584189
2025-03-25 08:23:10,33585482
2025-03-25 09:19:09,33586627
2025-03-25 10:19:10,33588137
2025-03-25 11:14:11,33589934
2025-03-25 12:36:11,33592185
2025-03-25 13:27:09,33593718
2025-03-25 14:17:09,33595391
2025-03-25 15:20:11,33597544
2025-03-25 16:21:19,33599666
2025-03-25 17:15:09,33601584
2025-03-25 18:25:09,33603848
2025-03-25 19:14:11,33605529
2025-03-25 20:19:11,33607644
2025-03-25 21:16:24,33609455
2025-03-25 22:18:09,33611365
2025-03-25 23:16:08,33613033
2025-03-26 01:23:08,33616405
2025-03-26 02:57:11,33618699
2025-03-26 03:32:09,33619515
2025-03-26 04:21:12,33620512
2025-03-26 05:17:08,33621601
2025-03-26 06:25:10,33622817
2025-03-26 07:17:09,33623745
2025-03-26 08:24:13,33624953
2025-03-26 09:19:08,33625976
2025-03-26 10:19:09,33627234
2025-03-26 11:14:08,33628505
2025-03-26 12:36:10,33630509
2025-03-26 13:26:12,33631862
2025-03-26 14:17:10,33633284
2025-03-26 15:20:17,33635183
2025-03-26 16:23:09,33637204
2025-03-26 17:16:10,33638901
2025-03-26 18:25:07,33640958
2025-03-26 19:14:11,33642372
2025-03-26 20:19:10,33644355
2025-03-26 21:16:08,33646068
2025-03-26 22:16:13,33647880
2025-03-26 23:17:08,33649710
2025-03-27 01:23:07,33652841
2025-03-27 02:57:09,33655574
2025-03-27 03:35:07,33656446
2025-03-27 04:20:10,33657280
2025-03-27 05:17:08,33658339
2025-03-27 06:25:13,33659491
2025-03-27 07:17:08,33660417
2025-03-27 08:23:23,33661530
2025-03-27 09:19:09,33662526
2025-03-27 10:18:09,33663594
2025-03-27 11:15:09,33664706
2025-03-27 12:36:10,33666455
2025-03-27 13:27:11,33667723
2025-03-27 14:17:07,33669064
2025-03-27 15:19:07,33670847
2025-03-27 16:23:10,33672692
2025-03-27 17:15:09,33674289
2025-03-27 18:25:16,33676349
2025-03-27 19:14:09,33677763
2025-03-27 20:18:08,33679894
2025-03-27 21:17:10,33681672
2025-03-27 22:16:10,33683342
2025-03-27 23:18:11,33685085
2025-03-28 01:23:08,33688149
2025-03-28 02:59:08,33690297
2025-03-28 03:35:10,33691016
2025-03-28 04:21:22,33691971
2025-03-28 05:17:08,33692975
2025-03-28 06:26:11,33694125
2025-03-28 07:17:08,33694957
2025-03-28 08:23:08,33696040
2025-03-28 09:19:08,33696945
2025-03-28 10:19:10,33698026
2025-03-28 11:14:07,33699123
2025-03-28 12:35:12,33700819
2025-03-28 13:26:10,33701987
2025-03-28 14:17:08,33703411
2025-03-28 15:18:09,33704927
2025-03-28 16:22:08,33706258
2025-03-28 17:16:09,33707452
2025-03-28 18:25:07,33708836
2025-03-28 19:14:08,33709938
2025-03-28 20:19:12,33711223
2025-03-28 21:16:16,33712347
2025-03-28 22:17:08,33713491
2025-03-28 23:17:08,33714663
2025-03-29 01:23:08,33717045
2025-03-29 02:55:10,33718753
2025-03-29 03:29:08,33719295
2025-03-29 04:22:08,33720122
2025-03-29 05:16:08,33721000
2025-03-29 06:23:07,33721986
2025-03-29 07:15:10,33722725
2025-03-29 08:21:08,33723755
2025-03-29 09:17:08,33724584
2025-03-29 10:18:13,33725481
2025-03-29 11:14:13,33726340
2025-03-29 12:32:07,33728094
2025-03-29 13:21:09,33729474
2025-03-29 14:16:08,33730983
2025-03-29 15:18:14,33732885
2025-03-29 16:19:18,33734807
2025-03-29 17:14:11,33736489
2025-03-29 18:22:08,33738491
2025-03-29 19:14:09,33739963
2025-03-29 20:17:09,33741682
2025-03-29 21:15:13,33743307
2025-03-29 22:15:13,33744856
2025-03-29 23:15:07,33746515
2025-03-30 01:37:07,33750197
2025-03-30 03:04:08,33752333
2025-03-30 04:20:13,33753959
2025-03-30 05:16:09,33754992
2025-03-30 06:23:08,33756274
2025-03-30 07:17:08,33757391
2025-03-30 08:20:10,33758879
2025-03-30 09:16:09,33760041
2025-03-30 10:17:08,33761198
2025-03-30 11:14:10,33762333
2025-03-30 12:33:07,33764114
2025-03-30 13:22:08,33765379
2025-03-30 14:16:08,33767032
2025-03-30 15:16:08,33769004
2025-03-30 16:19:08,33771056
2025-03-30 17:14:08,33772743
2025-03-30 18:22:10,33774864
2025-03-30 19:13:09,33776399
2025-03-30 20:18:11,33778321
2025-03-30 21:16:10,33779923
2025-03-30 22:16:09,33781596
2025-03-30 23:16:09,33783223
2025-03-31 01:36:08,33786422
2025-03-31 03:04:07,33788200
2025-03-31 04:21:08,33789654
2025-03-31 05:18:09,33790662
2025-03-31 06:26:08,33791928
2025-03-31 07:18:10,33792808
2025-03-31 08:24:11,33793915
2025-03-31 09:20:12,33794883
2025-03-31 10:22:11,33796028
2025-03-31 11:15:15,33797052
2025-03-31 12:36:07,33798866
2025-03-31 13:27:16,33800129
2025-03-31 14:18:08,33801560
2025-03-31 15:19:08,33803397
2025-03-31 16:23:12,33805438
2025-03-31 17:15:09,33806986
2025-03-31 18:25:09,33809041
